x-axis,1,2
second,Volt,Volt
-8.10000E-03,,
-8.08700E-03,,
-8.07400E-03,+23.58797E-03,+3.78972511E+00
-8.06100E-03,+8.51259E-03,+3.86510199E+00
-8.04800E-03,-51.78892E-03,+3.78972511E+00
-8.03500E-03,-1.53766E-03,+3.77464973E+00
-8.02200E-03,-122.14068E-03,+3.86510199E+00
-8.00900E-03,-46.76379E-03,+3.90027787E+00
-7.99600E-03,+4.93816078E+00,+81.18244E-03
-7.98300E-03,+4.98338691E+00,+5.80555E-03
-7.97000E-03,+4.93816078E+00,+10.83068E-03
-7.95700E-03,+5.06378892E+00,+176.65982E-03
-7.94400E-03,+4.93816078E+00,+5.80555E-03
-7.93100E-03,+4.93816078E+00,-4.24470E-03
-7.91800E-03,+5.09393967E+00,+91.23269E-03
-7.90500E-03,+4.93816078E+00,+86.20756E-03
-7.89200E-03,+4.86278389E+00,+5.80555E-03
-7.87900E-03,+4.93816078E+00,+5.80555E-03
-7.86600E-03,+4.85775877E+00,+81.18244E-03
-7.85300E-03,+4.97333666E+00,+5.80555E-03
-7.84000E-03,+5.01353766E+00,-69.57133E-03
-7.82700E-03,+4.97333666E+00,+86.20756E-03
-7.81400E-03,+5.01856279E+00,+10.83068E-03
-7.80100E-03,+5.01856279E+00,+40.98143E-03
-7.78800E-03,+5.01856279E+00,+10.83068E-03
-7.77500E-03,+5.00851254E+00,+40.98143E-03
-7.76200E-03,+4.86278389E+00,+81.18244E-03
-7.74900E-03,+4.93816078E+00,+96.25781E-03
-7.73600E-03,+4.94821103E+00,+91.23269E-03
-7.72300E-03,+4.98338691E+00,+5.80555E-03
-7.71000E-03,+4.94318590E+00,+10.83068E-03
-7.69700E-03,+4.97333666E+00,+86.20756E-03
-7.68400E-03,+5.01353766E+00,+81.18244E-03
-7.67100E-03,+4.97333666E+00,+5.80555E-03
-7.65800E-03,+4.86278389E+00,+10.83068E-03
-7.64500E-03,+5.01856279E+00,+5.80555E-03
-7.63200E-03,+4.93313565E+00,+81.18244E-03
-7.61900E-03,+4.97333666E+00,+121.38344E-03
-7.60600E-03,+4.85775877E+00,+86.20756E-03
-7.59300E-03,+4.94821103E+00,+76.15731E-03
-7.58000E-03,+4.94318590E+00,+81.18244E-03
-7.56700E-03,+4.97333666E+00,+5.80555E-03
-7.55400E-03,+5.01856279E+00,+10.83068E-03
-7.54100E-03,+4.98338691E+00,+61.08193E-03
-7.52800E-03,+5.01856279E+00,+5.80555E-03
-7.51500E-03,+4.98338691E+00,+40.98143E-03
-7.50200E-03,+4.94318590E+00,+86.20756E-03
-7.48900E-03,-46.76379E-03,+86.20756E-03
-7.47600E-03,-127.16580E-03,-64.54621E-03
-7.46300E-03,-46.76379E-03,+51.03168E-03
-7.45000E-03,+28.61309E-03,+81.18244E-03
-7.43700E-03,-81.93967E-03,+86.20756E-03
-7.42400E-03,-46.76379E-03,+5.80555E-03
-7.41100E-03,-91.98992E-03,+51.03168E-03
-7.39800E-03,-46.76379E-03,+10.83068E-03
-7.38500E-03,-46.76379E-03,-39.42058E-03
-7.37200E-03,-51.78892E-03,+5.80555E-03
-7.35900E-03,-81.93967E-03,+40.98143E-03
-7.34600E-03,-127.16580E-03,+161.58444E-03
-7.33300E-03,-46.76379E-03,+76.15731E-03
-7.32000E-03,-122.14068E-03,+86.20756E-03
-7.30700E-03,-46.76379E-03,+131.43369E-03
-7.29400E-03,+28.61309E-03,+86.20756E-03
-7.28100E-03,-46.76379E-03,+121.38344E-03
-7.26800E-03,-46.76379E-03,+161.58444E-03
-7.25500E-03,-46.76379E-03,+5.80555E-03
-7.24200E-03,-46.76379E-03,-64.54621E-03
-7.22900E-03,-1.53766E-03,+40.98143E-03
-7.21600E-03,-46.76379E-03,+81.18244E-03
-7.20300E-03,-81.93967E-03,+86.20756E-03
-7.19000E-03,+28.61309E-03,+81.18244E-03
-7.17700E-03,-127.16580E-03,+121.38344E-03
-7.16400E-03,-51.78892E-03,+5.80555E-03
-7.15100E-03,-46.76379E-03,+51.03168E-03
-7.13800E-03,-46.76379E-03,+81.18244E-03
-7.12500E-03,-56.81404E-03,+40.98143E-03
-7.11200E-03,-127.16580E-03,+5.80555E-03
-7.09900E-03,-11.58791E-03,+40.98143E-03
-7.08600E-03,-46.76379E-03,-74.59646E-03
-7.07300E-03,-81.93967E-03,+40.98143E-03
-7.06000E-03,-117.11555E-03,+10.83068E-03
-7.04700E-03,-46.76379E-03,+51.03168E-03
-7.03400E-03,-117.11555E-03,+10.83068E-03
-7.02100E-03,-91.98992E-03,+40.98143E-03
-7.00800E-03,-51.78892E-03,+86.20756E-03
-6.99500E-03,+4.89293465E+00,+3.90027787E+00
-6.98200E-03,+5.01353766E+00,+3.79475024E+00
-6.96900E-03,+4.98338691E+00,+3.86510199E+00
-6.95600E-03,+4.93816078E+00,+3.86510199E+00
-6.94300E-03,+4.90298490E+00,+3.86510199E+00
-6.93000E-03,+5.01353766E+00,+3.93545375E+00
-6.91700E-03,+4.89293465E+00,+3.82992611E+00
-6.90400E-03,+4.94821103E+00,+3.78972511E+00
-6.89100E-03,+5.01856279E+00,+3.93545375E+00
-6.87800E-03,+4.93816078E+00,+3.86510199E+00
-6.86500E-03,+4.93816078E+00,+3.82992611E+00
-6.85200E-03,+5.01353766E+00,+3.86510199E+00
-6.83900E-03,+4.97333666E+00,+3.82992611E+00
-6.82600E-03,+4.93816078E+00,+3.86007687E+00
-6.81300E-03,+4.97333666E+00,+3.82992611E+00
-6.80000E-03,+5.01353766E+00,+3.78469998E+00
-6.78700E-03,+4.97333666E+00,+3.82992611E+00
-6.77400E-03,+5.00851254E+00,+3.86510199E+00
-6.76100E-03,+5.01856279E+00,+3.81987586E+00
-6.74800E-03,+4.94318590E+00,+3.85505174E+00
-6.73500E-03,+4.98338691E+00,+3.91032812E+00
-6.72200E-03,+5.01856279E+00,+3.94047888E+00
-6.70900E-03,+4.94821103E+00,+3.81987586E+00
-6.69600E-03,+5.01856279E+00,+3.78972511E+00
-6.68300E-03,+5.01856279E+00,+3.81987586E+00
-6.67000E-03,+5.00851254E+00,+3.86510199E+00
-6.65700E-03,+4.97333666E+00,+3.86510199E+00
-6.64400E-03,+5.01353766E+00,+3.87012712E+00
-6.63100E-03,+4.93816078E+00,+3.78469998E+00
-6.61800E-03,+5.01856279E+00,+3.86510199E+00
-6.60500E-03,+4.93816078E+00,+3.81987586E+00
-6.59200E-03,+4.86278389E+00,+3.94047888E+00
-6.57900E-03,+4.94821103E+00,+3.86510199E+00
-6.56600E-03,+4.94318590E+00,+3.86510199E+00
-6.55300E-03,+4.97333666E+00,+3.86510199E+00
-6.54000E-03,+4.94318590E+00,+3.86007687E+00
-6.52700E-03,+4.98338691E+00,+3.86510199E+00
-6.51400E-03,+5.02358791E+00,+3.78972511E+00
-6.50100E-03,+5.01856279E+00,+3.81987586E+00
-6.48800E-03,-41.73867E-03,+3.78469998E+00
-6.47500E-03,-46.76379E-03,+3.86510199E+00
-6.46200E-03,-51.78892E-03,+3.86510199E+00
-6.44900E-03,-91.98992E-03,+3.86510199E+00
-6.43600E-03,-122.14068E-03,+3.86007687E+00
-6.42300E-03,-81.93967E-03,+3.82992611E+00
-6.41000E-03,-202.54269E-03,+3.86007687E+00
-6.39700E-03,-46.76379E-03,+3.90027787E+00
-6.38400E-03,-127.16580E-03,+3.78972511E+00
-6.37100E-03,-46.76379E-03,+3.86510199E+00
-6.35800E-03,-51.78892E-03,+3.86007687E+00
-6.34500E-03,-127.16580E-03,+3.82992611E+00
-6.33200E-03,-122.14068E-03,+3.93545375E+00
-6.31900E-03,-46.76379E-03,+3.77464973E+00
-6.30600E-03,-51.78892E-03,+3.86510199E+00
-6.29300E-03,-81.93967E-03,+3.87515224E+00
-6.28000E-03,+28.61309E-03,+3.71434823E+00
-6.26700E-03,-127.16580E-03,+3.77464973E+00
-6.25400E-03,-46.76379E-03,+3.78469998E+00
-6.24100E-03,-1.53766E-03,+3.86510199E+00
-6.22800E-03,-122.14068E-03,+3.86510199E+00
-6.21500E-03,-46.76379E-03,+3.81987586E+00
-6.20200E-03,-51.78892E-03,+3.86510199E+00
-6.18900E-03,-46.76379E-03,+3.78469998E+00
-6.17600E-03,-46.76379E-03,+3.78972511E+00
-6.16300E-03,-71.88942E-03,+3.87515224E+00
-6.15000E-03,-51.78892E-03,+3.86007687E+00
-6.13700E-03,-81.93967E-03,+3.86510199E+00
-6.12400E-03,+23.58797E-03,+3.78972511E+00
-6.11100E-03,-81.93967E-03,+3.81987586E+00
-6.09800E-03,-117.11555E-03,+3.78972511E+00
-6.08500E-03,-46.76379E-03,+3.78469998E+00
-6.07200E-03,+23.58797E-03,+3.86007687E+00
-6.05900E-03,-81.93967E-03,+3.73947385E+00
-6.04600E-03,-51.78892E-03,+3.78972511E+00
-6.03300E-03,-46.76379E-03,+3.82992611E+00
-6.02000E-03,-122.14068E-03,+3.71434823E+00
-6.00700E-03,-36.71354E-03,+3.78469998E+00
-5.99400E-03,+4.93816078E+00,+3.79475024E+00
-5.98100E-03,+4.98338691E+00,+3.90027787E+00
-5.96800E-03,+5.01353766E+00,+3.78469998E+00
-5.95500E-03,+4.97333666E+00,+3.87515224E+00
-5.94200E-03,+5.00851254E+00,+3.86510199E+00
-5.92900E-03,+4.98338691E+00,+3.82992611E+00
-5.91600E-03,+5.01353766E+00,+3.86510199E+00
-5.90300E-03,+5.01856279E+00,+3.81987586E+00
-5.89000E-03,+4.94318590E+00,+3.86007687E+00
-5.87700E-03,+4.94821103E+00,+3.86510199E+00
-5.86400E-03,+5.01353766E+00,+3.78972511E+00
-5.85100E-03,+4.97333666E+00,+3.81987586E+00
-5.83800E-03,+4.94318590E+00,+3.86007687E+00
-5.82500E-03,+5.01856279E+00,+3.91032812E+00
-5.81200E-03,+5.01353766E+00,+3.94550400E+00
-5.79900E-03,+4.89293465E+00,+3.86510199E+00
-5.78600E-03,+4.93313565E+00,+3.78972511E+00
-5.77300E-03,+4.90298490E+00,+3.82992611E+00
-5.76000E-03,+4.93816078E+00,+3.86007687E+00
-5.74700E-03,+4.98338691E+00,+3.78469998E+00
-5.73400E-03,+4.94318590E+00,+3.78469998E+00
-5.72100E-03,+4.93816078E+00,+3.78469998E+00
-5.70800E-03,+4.93816078E+00,+3.94047888E+00
-5.69500E-03,+5.01856279E+00,+3.82992611E+00
-5.68200E-03,+4.94318590E+00,+3.78972511E+00
-5.66900E-03,+4.98338691E+00,+3.81987586E+00
-5.65600E-03,+5.01353766E+00,+3.78469998E+00
-5.64300E-03,+5.01856279E+00,+3.82992611E+00
-5.63000E-03,+5.01353766E+00,+4.01585576E+00
-5.61700E-03,+4.97333666E+00,+3.81987586E+00
-5.60400E-03,+4.93816078E+00,+3.78972511E+00
-5.59100E-03,+4.93816078E+00,+3.86510199E+00
-5.57800E-03,+4.94318590E+00,+3.87012712E+00
-5.56500E-03,+4.89293465E+00,+3.86510199E+00
-5.55200E-03,+4.93816078E+00,+3.86007687E+00
-5.53900E-03,+5.09896480E+00,+3.86510199E+00
-5.52600E-03,+5.01353766E+00,+3.71434823E+00
-5.51300E-03,+4.89293465E+00,+3.91032812E+00
-5.50000E-03,+254.74374E-03,+3.86510199E+00
-5.48700E-03,-81.93967E-03,+3.90027787E+00
-5.47400E-03,-41.73867E-03,+3.78972511E+00
-5.46100E-03,-91.98992E-03,+3.86510199E+00
-5.44800E-03,-51.78892E-03,+3.86510199E+00
-5.43500E-03,-46.76379E-03,+3.82992611E+00
-5.42200E-03,-127.16580E-03,+3.86007687E+00
-5.40900E-03,-127.16580E-03,+3.75957436E+00
-5.39600E-03,-51.78892E-03,+3.86007687E+00
-5.38300E-03,-56.81404E-03,+3.74952410E+00
-5.37000E-03,-122.14068E-03,+3.78972511E+00
-5.35700E-03,-46.76379E-03,+3.79475024E+00
-5.34400E-03,-46.76379E-03,+3.78972511E+00
-5.33100E-03,-36.71354E-03,+3.81987586E+00
-5.31800E-03,-46.76379E-03,+3.70932310E+00
-5.30500E-03,-91.98992E-03,+3.82992611E+00
-5.29200E-03,-46.76379E-03,+3.78469998E+00
-5.27900E-03,-81.93967E-03,+3.82992611E+00
-5.26600E-03,-46.76379E-03,+3.87012712E+00
-5.25300E-03,-11.58791E-03,+3.81987586E+00
-5.24000E-03,-122.14068E-03,+3.94047888E+00
-5.22700E-03,-1.53766E-03,+3.82992611E+00
-5.21400E-03,-122.14068E-03,+3.86007687E+00
-5.20100E-03,-36.71354E-03,+3.82992611E+00
-5.18800E-03,-51.78892E-03,+3.86007687E+00
-5.17500E-03,-91.98992E-03,+3.74952410E+00
-5.16200E-03,-51.78892E-03,+3.86510199E+00
-5.14900E-03,-46.76379E-03,+3.86510199E+00
-5.13600E-03,-46.76379E-03,+3.78972511E+00
-5.12300E-03,-127.16580E-03,+3.81987586E+00
-5.11000E-03,-46.76379E-03,+3.78972511E+00
-5.09700E-03,-81.93967E-03,+3.82992611E+00
-5.08400E-03,-122.14068E-03,+3.78972511E+00
-5.07100E-03,-46.76379E-03,+3.86510199E+00
-5.05800E-03,+28.61309E-03,+3.78972511E+00
-5.04500E-03,-1.53766E-03,+3.81987586E+00
-5.03200E-03,-127.16580E-03,+3.86510199E+00
-5.01900E-03,-127.16580E-03,+3.81987586E+00
-5.00600E-03,-36.71354E-03,+3.78972511E+00
-4.99300E-03,+4.97333666E+00,+3.74952410E+00
-4.98000E-03,+4.94318590E+00,+3.86510199E+00
-4.96700E-03,+4.98338691E+00,+3.78469998E+00
-4.95400E-03,+4.94318590E+00,+3.86007687E+00
-4.94100E-03,+4.93816078E+00,+3.82992611E+00
-4.92800E-03,+5.01353766E+00,+3.78972511E+00
-4.91500E-03,+5.01856279E+00,+3.86510199E+00
-4.90200E-03,+5.01856279E+00,+3.86007687E+00
-4.88900E-03,+4.90298490E+00,+3.86510199E+00
-4.87600E-03,+4.94318590E+00,+3.86007687E+00
-4.86300E-03,+4.93816078E+00,+3.78469998E+00
-4.85000E-03,+4.93816078E+00,+3.94550400E+00
-4.83700E-03,+4.98338691E+00,+3.81987586E+00
-4.82400E-03,+4.93816078E+00,+3.78469998E+00
-4.81100E-03,+5.01856279E+00,+3.78469998E+00
-4.79800E-03,+4.93313565E+00,+3.86510199E+00
-4.78500E-03,+5.01856279E+00,+3.91032812E+00
-4.77200E-03,+4.93816078E+00,+3.78972511E+00
-4.75900E-03,+4.97333666E+00,+3.78469998E+00
-4.74600E-03,+5.01353766E+00,+3.86510199E+00
-4.73300E-03,+4.85775877E+00,+3.82992611E+00
-4.72000E-03,+5.01856279E+00,+3.86510199E+00
-4.70700E-03,+4.97333666E+00,+3.91032812E+00
-4.69400E-03,+5.01856279E+00,+3.86510199E+00
-4.68100E-03,+4.90298490E+00,+3.91032812E+00
-4.66800E-03,+4.94318590E+00,+3.86007687E+00
-4.65500E-03,+4.98338691E+00,+3.85505174E+00
-4.64200E-03,+4.93313565E+00,+3.78972511E+00
-4.62900E-03,+5.02861304E+00,+3.91032812E+00
-4.61600E-03,+5.01353766E+00,+3.78972511E+00
-4.60300E-03,+5.00851254E+00,+3.82992611E+00
-4.59000E-03,+4.93816078E+00,+3.78972511E+00
-4.57700E-03,+4.98338691E+00,+3.86510199E+00
-4.56400E-03,+4.86780902E+00,+3.86510199E+00
-4.55100E-03,+4.97333666E+00,+3.86510199E+00
-4.53800E-03,+4.93816078E+00,+3.86007687E+00
-4.52500E-03,+4.94821103E+00,+3.82992611E+00
-4.51200E-03,+4.93313565E+00,+3.78469998E+00
-4.49900E-03,-46.76379E-03,+3.77464973E+00
-4.48600E-03,-51.78892E-03,+3.86510199E+00
-4.47300E-03,-127.16580E-03,+3.81987586E+00
-4.46000E-03,-46.76379E-03,+3.86510199E+00
-4.44700E-03,-46.76379E-03,+3.78469998E+00
-4.43400E-03,-51.78892E-03,+3.87012712E+00
-4.42100E-03,-91.98992E-03,+3.86510199E+00
-4.40800E-03,-127.16580E-03,+3.86007687E+00
-4.39500E-03,-91.98992E-03,+3.81987586E+00
-4.38200E-03,-122.14068E-03,+3.86510199E+00
-4.36900E-03,+33.63822E-03,+3.78469998E+00
-4.35600E-03,-46.76379E-03,+3.86510199E+00
-4.34300E-03,-46.76379E-03,+3.86510199E+00
-4.33000E-03,-127.16580E-03,+3.78469998E+00
-4.31700E-03,-91.98992E-03,+3.91032812E+00
-4.30400E-03,-127.16580E-03,+3.78972511E+00
-4.29100E-03,-81.93967E-03,+3.86510199E+00
-4.27800E-03,-127.16580E-03,+3.86510199E+00
-4.26500E-03,-127.16580E-03,+3.81987586E+00
-4.25200E-03,-46.76379E-03,+3.87012712E+00
-4.23900E-03,-127.16580E-03,+3.87515224E+00
-4.22600E-03,-46.76379E-03,+3.78469998E+00
-4.21300E-03,-56.81404E-03,+3.73947385E+00
-4.20000E-03,+28.61309E-03,+3.78972511E+00
-4.18700E-03,+33.63822E-03,+3.86510199E+00
-4.17400E-03,-46.76379E-03,+3.86007687E+00
-4.16100E-03,-81.93967E-03,+3.81987586E+00
-4.14800E-03,-46.76379E-03,+3.78469998E+00
-4.13500E-03,-46.76379E-03,+3.81987586E+00
-4.12200E-03,-51.78892E-03,+3.86510199E+00
-4.10900E-03,-46.76379E-03,+3.86510199E+00
-4.09600E-03,-46.76379E-03,+3.78972511E+00
-4.08300E-03,-36.71354E-03,+3.86510199E+00
-4.07000E-03,-122.14068E-03,+3.85505174E+00
-4.05700E-03,-11.58791E-03,+3.86510199E+00
-4.04400E-03,-51.78892E-03,+3.87012712E+00
-4.03100E-03,-81.93967E-03,+3.82992611E+00
-4.01800E-03,-41.73867E-03,+3.78972511E+00
-4.00500E-03,-46.76379E-03,+3.78469998E+00
-3.99200E-03,+4.94318590E+00,+3.79475024E+00
-3.97900E-03,+4.97333666E+00,+3.86510199E+00
-3.96600E-03,+4.93816078E+00,+3.71434823E+00
-3.95300E-03,+4.98338691E+00,+3.81987586E+00
-3.94000E-03,+4.93816078E+00,+3.78469998E+00
-3.92700E-03,+4.98338691E+00,+3.86510199E+00
-3.91400E-03,+5.01353766E+00,+3.71434823E+00
-3.90100E-03,+4.92811053E+00,+3.81987586E+00
-3.88800E-03,+5.01353766E+00,+3.78469998E+00
-3.87500E-03,+5.01856279E+00,+3.78469998E+00
-3.86200E-03,+5.01856279E+00,+3.78469998E+00
-3.84900E-03,+4.89293465E+00,+3.77464973E+00
-3.83600E-03,+4.85775877E+00,+3.86007687E+00
-3.82300E-03,+4.82258289E+00,+3.90027787E+00
-3.81000E-03,+4.93816078E+00,+3.93545375E+00
-3.79700E-03,+4.88288440E+00,+3.77464973E+00
-3.78400E-03,+4.94318590E+00,+3.86510199E+00
-3.77100E-03,+4.98338691E+00,+3.82992611E+00
-3.75800E-03,+4.94821103E+00,+3.78972511E+00
-3.74500E-03,+4.98338691E+00,+3.91032812E+00
-3.73200E-03,+5.02358791E+00,+3.78469998E+00
-3.71900E-03,+4.97333666E+00,+3.82992611E+00
-3.70600E-03,+5.01856279E+00,+3.79475024E+00
-3.69300E-03,+4.93816078E+00,+3.78469998E+00
-3.68000E-03,+4.86780902E+00,+3.86510199E+00
-3.66700E-03,+4.93816078E+00,+3.86510199E+00
-3.65400E-03,+4.86780902E+00,+3.86007687E+00
-3.64100E-03,+4.94821103E+00,+3.90027787E+00
-3.62800E-03,+5.01353766E+00,+3.79475024E+00
-3.61500E-03,+4.93816078E+00,+3.78469998E+00
-3.60200E-03,+5.01353766E+00,+3.78972511E+00
-3.58900E-03,+4.98338691E+00,+3.78469998E+00
-3.57600E-03,+4.93816078E+00,+3.78972511E+00
-3.56300E-03,+4.89293465E+00,+3.86510199E+00
-3.55000E-03,+5.01856279E+00,+3.86007687E+00
-3.53700E-03,+4.97333666E+00,+3.86510199E+00
-3.52400E-03,+5.08891454E+00,+3.86007687E+00
-3.51100E-03,+4.98338691E+00,+3.82992611E+00
-3.49800E-03,-46.76379E-03,+3.86007687E+00
-3.48500E-03,-46.76379E-03,+3.86510199E+00
-3.47200E-03,+28.61309E-03,+3.78469998E+00
-3.45900E-03,-81.93967E-03,+3.78469998E+00
-3.44600E-03,-127.16580E-03,+3.86510199E+00
-3.43300E-03,-127.16580E-03,+3.81987586E+00
-3.42000E-03,-46.76379E-03,+3.86007687E+00
-3.40700E-03,-127.16580E-03,+3.78469998E+00
-3.39400E-03,-117.11555E-03,+3.86510199E+00
-3.38100E-03,-81.93967E-03,+3.74952410E+00
-3.36800E-03,-51.78892E-03,+3.85505174E+00
-3.35500E-03,-46.76379E-03,+3.86510199E+00
-3.34200E-03,-122.14068E-03,+3.78972511E+00
-3.32900E-03,-127.16580E-03,+3.81987586E+00
-3.31600E-03,+23.58797E-03,+3.86007687E+00
-3.30300E-03,-46.76379E-03,+3.77464973E+00
-3.29000E-03,-197.51756E-03,+3.94047888E+00
-3.27700E-03,-11.58791E-03,+3.81987586E+00
-3.26400E-03,-46.76379E-03,+3.86510199E+00
-3.25100E-03,-46.76379E-03,+3.81987586E+00
-3.23800E-03,-56.81404E-03,+3.86510199E+00
-3.22500E-03,-81.93967E-03,+3.86510199E+00
-3.21200E-03,-51.78892E-03,+3.78469998E+00
-3.19900E-03,-46.76379E-03,+3.86510199E+00
-3.18600E-03,-51.78892E-03,+3.78469998E+00
-3.17300E-03,+33.63822E-03,+3.82992611E+00
-3.16000E-03,-46.76379E-03,+3.86007687E+00
-3.14700E-03,-137.21605E-03,+3.78469998E+00
-3.13400E-03,-46.76379E-03,+3.78972511E+00
-3.12100E-03,-172.39193E-03,+3.78469998E+00
-3.10800E-03,-51.78892E-03,+3.78469998E+00
-3.09500E-03,+33.63822E-03,+3.74952410E+00
-3.08200E-03,+28.61309E-03,+3.94047888E+00
-3.06900E-03,-11.58791E-03,+3.81987586E+00
-3.05600E-03,-41.73867E-03,+3.86510199E+00
-3.04300E-03,-91.98992E-03,+3.81987586E+00
-3.03000E-03,-122.14068E-03,+3.78972511E+00
-3.01700E-03,-11.58791E-03,+3.86510199E+00
-3.00400E-03,+28.61309E-03,+3.78469998E+00
-2.99100E-03,+4.97333666E+00,+5.80555E-03
-2.97800E-03,+5.01353766E+00,+5.80555E-03
-2.96500E-03,+5.01856279E+00,+86.20756E-03
-2.95200E-03,+4.86780902E+00,+81.18244E-03
-2.93900E-03,+4.98338691E+00,-39.42058E-03
-2.92600E-03,+4.86278389E+00,+86.20756E-03
-2.91300E-03,+4.93816078E+00,+5.80555E-03
-2.90000E-03,+4.93816078E+00,+5.80555E-03
-2.88700E-03,+4.93816078E+00,+86.20756E-03
-2.87400E-03,+4.86278389E+00,+156.55932E-03
-2.86100E-03,+4.89293465E+00,+96.25781E-03
-2.84800E-03,+4.94318590E+00,+780.43E-06
-2.83500E-03,+4.97333666E+00,+51.03168E-03
-2.82200E-03,+4.94318590E+00,-69.57133E-03
-2.80900E-03,+4.98338691E+00,+40.98143E-03
-2.79600E-03,+4.93816078E+00,-69.57133E-03
-2.78300E-03,+4.93816078E+00,-39.42058E-03
-2.77000E-03,+4.86278389E+00,+15.85580E-03
-2.75700E-03,+4.98338691E+00,+121.38344E-03
-2.74400E-03,+5.09393967E+00,+780.43E-06
-2.73100E-03,+5.02861304E+00,+5.80555E-03
-2.71800E-03,+5.01353766E+00,+10.83068E-03
-2.70500E-03,+4.98338691E+00,+5.80555E-03
-2.69200E-03,+5.01353766E+00,-64.54621E-03
-2.67900E-03,+4.93816078E+00,+51.03168E-03
-2.66600E-03,+4.93816078E+00,+10.83068E-03
-2.65300E-03,+4.98338691E+00,-39.42058E-03
-2.64000E-03,+5.08891454E+00,-69.57133E-03
-2.62700E-03,+5.05373867E+00,+40.98143E-03
-2.61400E-03,+4.94318590E+00,+5.80555E-03
-2.60100E-03,+4.88288440E+00,+51.03168E-03
-2.58800E-03,+4.93816078E+00,+5.80555E-03
-2.57500E-03,+4.93816078E+00,+131.43369E-03
-2.56200E-03,+4.93816078E+00,+91.23269E-03
-2.54900E-03,+4.98338691E+00,+5.80555E-03
-2.53600E-03,+5.08891454E+00,+161.58444E-03
-2.52300E-03,+4.97333666E+00,+51.03168E-03
-2.51000E-03,+5.01856279E+00,+86.20756E-03
-2.49700E-03,-46.76379E-03,-29.37033E-03
-2.48400E-03,-46.76379E-03,+10.83068E-03
-2.47100E-03,-81.93967E-03,+5.80555E-03
-2.45800E-03,+23.58797E-03,+10.83068E-03
-2.44500E-03,-127.16580E-03,+40.98143E-03
-2.43200E-03,-122.14068E-03,+5.80555E-03
-2.41900E-03,-127.16580E-03,+40.98143E-03
-2.40600E-03,-46.76379E-03,-64.54621E-03
-2.39300E-03,-11.58791E-03,+40.98143E-03
-2.38000E-03,-207.56781E-03,+10.83068E-03
-2.36700E-03,-91.98992E-03,+86.20756E-03
-2.35400E-03,+28.61309E-03,+10.83068E-03
-2.34100E-03,-127.16580E-03,+40.98143E-03
-2.32800E-03,-51.78892E-03,+156.55932E-03
-2.31500E-03,-56.81404E-03,+131.43369E-03
-2.30200E-03,-122.14068E-03,+86.20756E-03
-2.28900E-03,-46.76379E-03,+176.65982E-03
-2.27600E-03,-127.16580E-03,-59.52108E-03
-2.26300E-03,-56.81404E-03,+5.80555E-03
-2.25000E-03,+28.61309E-03,+5.80555E-03
-2.23700E-03,-91.98992E-03,+40.98143E-03
-2.22400E-03,-46.76379E-03,+10.83068E-03
-2.21100E-03,-11.58791E-03,+86.20756E-03
-2.19800E-03,-207.56781E-03,+81.18244E-03
-2.18500E-03,-127.16580E-03,+86.20756E-03
-2.17200E-03,-46.76379E-03,+86.20756E-03
-2.15900E-03,-127.16580E-03,-4.24470E-03
-2.14600E-03,-46.76379E-03,+5.80555E-03
-2.13300E-03,-127.16580E-03,+5.80555E-03
-2.12000E-03,-41.73867E-03,+5.80555E-03
-2.10700E-03,-127.16580E-03,-39.42058E-03
-2.09400E-03,-117.11555E-03,+10.83068E-03
-2.08100E-03,-46.76379E-03,+51.03168E-03
-2.06800E-03,-51.78892E-03,+81.18244E-03
-2.05500E-03,-46.76379E-03,+40.98143E-03
-2.04200E-03,-41.73867E-03,+86.20756E-03
-2.02900E-03,-56.81404E-03,+86.20756E-03
-2.01600E-03,-51.78892E-03,+86.20756E-03
-2.00300E-03,-1.53766E-03,-39.42058E-03
-1.99000E-03,+4.94318590E+00,+86.20756E-03
-1.97700E-03,+4.98338691E+00,+5.80555E-03
-1.96400E-03,+4.93313565E+00,+81.18244E-03
-1.95100E-03,+4.89293465E+00,+86.20756E-03
-1.93800E-03,+4.93816078E+00,+5.80555E-03
-1.92500E-03,+4.93816078E+00,+76.15731E-03
-1.91200E-03,+5.01353766E+00,+81.18244E-03
-1.89900E-03,+4.97333666E+00,+76.15731E-03
-1.88600E-03,+4.94821103E+00,+10.83068E-03
-1.87300E-03,+4.93816078E+00,+51.03168E-03
-1.86000E-03,+5.01353766E+00,+780.43E-06
-1.84700E-03,+4.93816078E+00,+40.98143E-03
-1.83400E-03,+4.94318590E+00,+10.83068E-03
-1.82100E-03,+4.97333666E+00,+51.03168E-03
-1.80800E-03,+4.93816078E+00,+161.58444E-03
-1.79500E-03,+5.00851254E+00,+51.03168E-03
-1.78200E-03,+4.86780902E+00,+86.20756E-03
-1.76900E-03,+4.89293465E+00,+40.98143E-03
-1.75600E-03,+5.01856279E+00,+81.18244E-03
-1.74300E-03,+4.94821103E+00,+131.43369E-03
-1.73000E-03,+5.01353766E+00,+81.18244E-03
-1.71700E-03,+4.98338691E+00,+5.80555E-03
-1.70400E-03,+4.93313565E+00,+5.80555E-03
-1.69100E-03,+4.98338691E+00,+5.80555E-03
-1.67800E-03,+5.01353766E+00,+81.18244E-03
-1.66500E-03,+4.93816078E+00,+40.98143E-03
-1.65200E-03,+5.01856279E+00,+76.15731E-03
-1.63900E-03,+4.97333666E+00,+40.98143E-03
-1.62600E-03,+5.01353766E+00,+86.20756E-03
-1.61300E-03,+4.98338691E+00,+86.20756E-03
-1.60000E-03,+5.01856279E+00,+780.43E-06
-1.58700E-03,+5.01856279E+00,-29.37033E-03
-1.57400E-03,+4.93816078E+00,+86.20756E-03
-1.56100E-03,+4.93816078E+00,+86.20756E-03
-1.54800E-03,+5.01353766E+00,+86.20756E-03
-1.53500E-03,+5.06378892E+00,+61.08193E-03
-1.52200E-03,+5.08891454E+00,+5.80555E-03
-1.50900E-03,+4.98338691E+00,+86.20756E-03
-1.49600E-03,+28.61309E-03,+5.80555E-03
-1.48300E-03,-81.93967E-03,+5.80555E-03
-1.47000E-03,-51.78892E-03,+81.18244E-03
-1.45700E-03,-162.34168E-03,+86.20756E-03
-1.44400E-03,-46.76379E-03,+10.83068E-03
-1.43100E-03,-46.76379E-03,+86.20756E-03
-1.41800E-03,-51.78892E-03,+156.55932E-03
-1.40500E-03,-46.76379E-03,-39.42058E-03
-1.39200E-03,-127.16580E-03,+15.85580E-03
-1.37900E-03,-46.76379E-03,-84.64671E-03
-1.36600E-03,-46.76379E-03,+76.15731E-03
-1.35300E-03,-46.76379E-03,+121.38344E-03
-1.34000E-03,+23.58797E-03,+780.43E-06
-1.32700E-03,-46.76379E-03,+86.20756E-03
-1.31400E-03,-46.76379E-03,+86.20756E-03
-1.30100E-03,-91.98992E-03,+15.85580E-03
-1.28800E-03,-41.73867E-03,+81.18244E-03
-1.27500E-03,-91.98992E-03,-29.37033E-03
-1.26200E-03,-46.76379E-03,+5.80555E-03
-1.24900E-03,-91.98992E-03,+86.20756E-03
-1.23600E-03,+28.61309E-03,+81.18244E-03
-1.22300E-03,-1.53766E-03,+86.20756E-03
-1.21000E-03,-122.14068E-03,+5.80555E-03
-1.19700E-03,-36.71354E-03,+40.98143E-03
-1.18400E-03,-46.76379E-03,+5.80555E-03
-1.17100E-03,-46.76379E-03,+5.80555E-03
-1.15800E-03,-46.76379E-03,+86.20756E-03
-1.14500E-03,-81.93967E-03,+51.03168E-03
-1.13200E-03,-46.76379E-03,+161.58444E-03
-1.11900E-03,-81.93967E-03,+51.03168E-03
-1.10600E-03,+13.53771E-03,+86.20756E-03
-1.09300E-03,-1.53766E-03,+40.98143E-03
-1.08000E-03,-117.11555E-03,+86.20756E-03
-1.06700E-03,-46.76379E-03,-4.24470E-03
-1.05400E-03,-122.14068E-03,+76.15731E-03
-1.04100E-03,-11.58791E-03,+86.20756E-03
-1.02800E-03,+23.58797E-03,+10.83068E-03
-1.01500E-03,-91.98992E-03,+5.80555E-03
-1.00200E-03,-51.78892E-03,+86.20756E-03
-989.00E-06,+4.97333666E+00,+40.98143E-03
-976.00E-06,+4.93816078E+00,+15.85580E-03
-963.00E-06,+5.05373867E+00,+51.03168E-03
-950.00E-06,+4.86278389E+00,+91.23269E-03
-937.00E-06,+4.93816078E+00,+15.85580E-03
-924.00E-06,+4.93816078E+00,-69.57133E-03
-911.00E-06,+4.98338691E+00,+86.20756E-03
-898.00E-06,+4.94318590E+00,+81.18244E-03
-885.00E-06,+5.01856279E+00,+5.80555E-03
-872.00E-06,+5.01353766E+00,+10.83068E-03
-859.00E-06,+5.01856279E+00,+86.20756E-03
-846.00E-06,+4.93816078E+00,+5.80555E-03
-833.00E-06,+4.93816078E+00,+40.98143E-03
-820.00E-06,+5.01353766E+00,+91.23269E-03
-807.00E-06,+4.93816078E+00,+15.85580E-03
-794.00E-06,+4.86278389E+00,+86.20756E-03
-781.00E-06,+4.93816078E+00,+86.20756E-03
-768.00E-06,+5.01856279E+00,+81.18244E-03
-755.00E-06,+4.98338691E+00,+5.80555E-03
-742.00E-06,+4.93816078E+00,+10.83068E-03
-729.00E-06,+4.93816078E+00,-29.37033E-03
-716.00E-06,+5.01353766E+00,+5.80555E-03
-703.00E-06,+4.97333666E+00,+51.03168E-03
-690.00E-06,+4.94318590E+00,+81.18244E-03
-677.00E-06,+4.97333666E+00,-29.37033E-03
-664.00E-06,+5.01353766E+00,+15.85580E-03
-651.00E-06,+4.97333666E+00,+86.20756E-03
-638.00E-06,+5.01856279E+00,+5.80555E-03
-625.00E-06,+4.98338691E+00,+96.25781E-03
-612.00E-06,+5.01353766E+00,+81.18244E-03
-599.00E-06,+4.97333666E+00,+121.38344E-03
-586.00E-06,+5.01353766E+00,-64.54621E-03
-573.00E-06,+5.02861304E+00,-39.42058E-03
-560.00E-06,+4.94318590E+00,+86.20756E-03
-547.00E-06,+5.01856279E+00,+40.98143E-03
-534.00E-06,+5.01353766E+00,+10.83068E-03
-521.00E-06,+4.93816078E+00,+51.03168E-03
-508.00E-06,+5.00851254E+00,+86.20756E-03
-495.00E-06,-81.93967E-03,+51.03168E-03
-482.00E-06,-46.76379E-03,+10.83068E-03
-469.00E-06,-127.16580E-03,+51.03168E-03
-456.00E-06,-122.14068E-03,+156.55932E-03
-443.00E-06,-81.93967E-03,+86.20756E-03
-430.00E-06,-122.14068E-03,+81.18244E-03
-417.00E-06,-127.16580E-03,+86.20756E-03
-404.00E-06,-51.78892E-03,+10.83068E-03
-391.00E-06,-56.81404E-03,+96.25781E-03
-378.00E-06,-127.16580E-03,+15.85580E-03
-365.00E-06,-56.81404E-03,-39.42058E-03
-352.00E-06,-122.14068E-03,+86.20756E-03
-339.00E-06,-46.76379E-03,+40.98143E-03
-326.00E-06,-51.78892E-03,+81.18244E-03
-313.00E-06,-81.93967E-03,+86.20756E-03
-300.00E-06,-51.78892E-03,+10.83068E-03
-287.00E-06,-127.16580E-03,+86.20756E-03
-274.00E-06,-51.78892E-03,+86.20756E-03
-261.00E-06,-36.71354E-03,+96.25781E-03
-248.00E-06,-46.76379E-03,+81.18244E-03
-235.00E-06,-91.98992E-03,+5.80555E-03
-222.00E-06,-122.14068E-03,+5.80555E-03
-209.00E-06,-11.58791E-03,+86.20756E-03
-196.00E-06,-46.76379E-03,+76.15731E-03
-183.00E-06,-91.98992E-03,+51.03168E-03
-170.00E-06,-122.14068E-03,+76.15731E-03
-157.00E-06,-127.16580E-03,+86.20756E-03
-144.00E-06,-127.16580E-03,+5.80555E-03
-131.00E-06,-46.76379E-03,+51.03168E-03
-118.00E-06,-51.78892E-03,+86.20756E-03
-105.00E-06,-91.98992E-03,+5.80555E-03
-92.00E-06,-117.11555E-03,+10.83068E-03
-79.00E-06,+33.63822E-03,+51.03168E-03
-66.00E-06,-51.78892E-03,+10.83068E-03
-53.00E-06,-1.53766E-03,+121.38344E-03
-40.00E-06,+33.63822E-03,+86.20756E-03
-27.00E-06,-162.34168E-03,+40.98143E-03
-14.00E-06,-46.76379E-03,+156.55932E-03
-1.00E-06,-81.93967E-03,+121.38344E-03
+12.00E-06,+4.93816078E+00,+3.78972511E+00
+25.00E-06,+5.01856279E+00,+3.82992611E+00
+38.00E-06,+5.01353766E+00,+3.78972511E+00
+51.00E-06,+5.05373867E+00,+3.82992611E+00
+64.00E-06,+5.01856279E+00,+3.86510199E+00
+77.00E-06,+4.89293465E+00,+3.82992611E+00
+90.00E-06,+4.94821103E+00,+3.78469998E+00
+103.00E-06,+4.98338691E+00,+3.86510199E+00
+116.00E-06,+4.94318590E+00,+3.78972511E+00
+129.00E-06,+5.01856279E+00,+3.86510199E+00
+142.00E-06,+5.01353766E+00,+3.79475024E+00
+155.00E-06,+4.98338691E+00,+3.73947385E+00
+168.00E-06,+5.01856279E+00,+3.94047888E+00
+181.00E-06,+4.93816078E+00,+3.79475024E+00
+194.00E-06,+4.93313565E+00,+3.86510199E+00
+207.00E-06,+4.93816078E+00,+3.90027787E+00
+220.00E-06,+5.08891454E+00,+3.86007687E+00
+233.00E-06,+4.98338691E+00,+3.81987586E+00
+246.00E-06,+4.93816078E+00,+3.86510199E+00
+259.00E-06,+5.01856279E+00,+3.86510199E+00
+272.00E-06,+4.93816078E+00,+3.93545375E+00
+285.00E-06,+5.01856279E+00,+3.94550400E+00
+298.00E-06,+5.01353766E+00,+3.86510199E+00
+311.00E-06,+4.98338691E+00,+3.73947385E+00
+324.00E-06,+5.01856279E+00,+3.86510199E+00
+337.00E-06,+4.97333666E+00,+3.73947385E+00
+350.00E-06,+5.01353766E+00,+3.78972511E+00
+363.00E-06,+4.97333666E+00,+3.86510199E+00
+376.00E-06,+5.01856279E+00,+3.78972511E+00
+389.00E-06,+4.86780902E+00,+3.78469998E+00
+402.00E-06,+4.86278389E+00,+3.86510199E+00
+415.00E-06,+4.97333666E+00,+3.82992611E+00
+428.00E-06,+4.78740701E+00,+3.78972511E+00
+441.00E-06,+4.98338691E+00,+3.90027787E+00
+454.00E-06,+5.01353766E+00,+3.78972511E+00
+467.00E-06,+4.93816078E+00,+3.81987586E+00
+480.00E-06,+5.01856279E+00,+3.78469998E+00
+493.00E-06,+4.93816078E+00,+3.82992611E+00
+506.00E-06,-41.73867E-03,+3.78972511E+00
+519.00E-06,-127.16580E-03,+3.91032812E+00
+532.00E-06,-127.16580E-03,+3.94047888E+00
+545.00E-06,-1.53766E-03,+3.82992611E+00
+558.00E-06,-127.16580E-03,+3.86007687E+00
+571.00E-06,-11.58791E-03,+3.81987586E+00
+584.00E-06,-127.16580E-03,+3.78469998E+00
+597.00E-06,-46.76379E-03,+3.86510199E+00
+610.00E-06,-122.14068E-03,+3.86510199E+00
+623.00E-06,-46.76379E-03,+3.86510199E+00
+636.00E-06,-46.76379E-03,+3.93545375E+00
+649.00E-06,-46.76379E-03,+3.78469998E+00
+662.00E-06,-51.78892E-03,+3.94047888E+00
+675.00E-06,-71.88942E-03,+3.86510199E+00
+688.00E-06,+28.61309E-03,+3.86510199E+00
+701.00E-06,-56.81404E-03,+3.90027787E+00
+714.00E-06,-46.76379E-03,+3.79475024E+00
+727.00E-06,-81.93967E-03,+3.86510199E+00
+740.00E-06,+23.58797E-03,+3.86510199E+00
+753.00E-06,-91.98992E-03,+3.86510199E+00
+766.00E-06,-127.16580E-03,+3.78469998E+00
+779.00E-06,-36.71354E-03,+3.86510199E+00
+792.00E-06,-51.78892E-03,+3.94047888E+00
+805.00E-06,-46.76379E-03,+3.82992611E+00
+818.00E-06,-46.76379E-03,+3.86007687E+00
+831.00E-06,-81.93967E-03,+3.86510199E+00
+844.00E-06,-46.76379E-03,+3.86007687E+00
+857.00E-06,-56.81404E-03,+3.82992611E+00
+870.00E-06,+18.56284E-03,+3.86007687E+00
+883.00E-06,-46.76379E-03,+3.95555425E+00
+896.00E-06,-51.78892E-03,+3.78469998E+00
+909.00E-06,-46.76379E-03,+3.82992611E+00
+922.00E-06,+33.63822E-03,+3.86510199E+00
+935.00E-06,-81.93967E-03,+3.90027787E+00
+948.00E-06,-51.78892E-03,+3.94047888E+00
+961.00E-06,-1.53766E-03,+3.78469998E+00
+974.00E-06,-127.16580E-03,+3.79475024E+00
+987.00E-06,-46.76379E-03,+3.81987586E+00
+1.00000E-03,+4.71203013E+00,+327.41359E-03
+1.01300E-03,+4.93816078E+00,+86.20756E-03
+1.02600E-03,+4.86278389E+00,+81.18244E-03
+1.03900E-03,+4.98338691E+00,+40.98143E-03
+1.05200E-03,+4.93816078E+00,+156.55932E-03
+1.06500E-03,+4.94821103E+00,-29.37033E-03
+1.07800E-03,+4.93313565E+00,+10.83068E-03
+1.09100E-03,+4.98338691E+00,+131.43369E-03
+1.10400E-03,+5.02358791E+00,+5.80555E-03
+1.11700E-03,+4.93816078E+00,-4.24470E-03
+1.13000E-03,+4.94318590E+00,+81.18244E-03
+1.14300E-03,+4.93816078E+00,+51.03168E-03
+1.15600E-03,+4.86780902E+00,+10.83068E-03
+1.16900E-03,+4.97333666E+00,+40.98143E-03
+1.18200E-03,+4.94318590E+00,+86.20756E-03
+1.19500E-03,+4.93816078E+00,+40.98143E-03
+1.20800E-03,+4.93816078E+00,+81.18244E-03
+1.22100E-03,+4.97333666E+00,+5.80555E-03
+1.23400E-03,+4.94318590E+00,+76.15731E-03
+1.24700E-03,+4.91303515E+00,-39.42058E-03
+1.26000E-03,+4.94318590E+00,+5.80555E-03
+1.27300E-03,+4.93816078E+00,+5.80555E-03
+1.28600E-03,+5.01353766E+00,+5.80555E-03
+1.29900E-03,+5.01856279E+00,+51.03168E-03
+1.31200E-03,+4.94318590E+00,+91.23269E-03
+1.32500E-03,+4.92811053E+00,+5.80555E-03
+1.33800E-03,+4.85775877E+00,+10.83068E-03
+1.35100E-03,+5.00851254E+00,+61.08193E-03
+1.36400E-03,+5.01353766E+00,-69.57133E-03
+1.37700E-03,+4.97333666E+00,+121.38344E-03
+1.39000E-03,+5.01856279E+00,+86.20756E-03
+1.40300E-03,+4.92811053E+00,+40.98143E-03
+1.41600E-03,+5.01856279E+00,+780.43E-06
+1.42900E-03,+4.94821103E+00,+5.80555E-03
+1.44200E-03,+5.01856279E+00,+86.20756E-03
+1.45500E-03,+5.02861304E+00,+40.98143E-03
+1.46800E-03,+4.94318590E+00,+151.53419E-03
+1.48100E-03,+4.93816078E+00,+5.80555E-03
+1.49400E-03,+4.93816078E+00,+81.18244E-03
+1.50700E-03,-36.71354E-03,+51.03168E-03
+1.52000E-03,-36.71354E-03,-69.57133E-03
+1.53300E-03,-91.98992E-03,+86.20756E-03
+1.54600E-03,-46.76379E-03,+91.23269E-03
+1.55900E-03,-81.93967E-03,+51.03168E-03
+1.57200E-03,-51.78892E-03,+81.18244E-03
+1.58500E-03,-46.76379E-03,+121.38344E-03
+1.59800E-03,-51.78892E-03,+81.18244E-03
+1.61100E-03,-46.76379E-03,+121.38344E-03
+1.62400E-03,-127.16580E-03,+156.55932E-03
+1.63700E-03,-91.98992E-03,+51.03168E-03
+1.65000E-03,-46.76379E-03,-69.57133E-03
+1.66300E-03,-91.98992E-03,+121.38344E-03
+1.67600E-03,-127.16580E-03,+10.83068E-03
+1.68900E-03,-11.58791E-03,+5.80555E-03
+1.70200E-03,-122.14068E-03,+81.18244E-03
+1.71500E-03,-46.76379E-03,+51.03168E-03
+1.72800E-03,-122.14068E-03,-64.54621E-03
+1.74100E-03,-81.93967E-03,+86.20756E-03
+1.75400E-03,-51.78892E-03,+161.58444E-03
+1.76700E-03,-127.16580E-03,+51.03168E-03
+1.78000E-03,-51.78892E-03,+156.55932E-03
+1.79300E-03,-46.76379E-03,+40.98143E-03
+1.80600E-03,-127.16580E-03,+86.20756E-03
+1.81900E-03,-127.16580E-03,+76.15731E-03
+1.83200E-03,-41.73867E-03,+156.55932E-03
+1.84500E-03,-56.81404E-03,+5.80555E-03
+1.85800E-03,-117.11555E-03,+5.80555E-03
+1.87100E-03,-91.98992E-03,+131.43369E-03
+1.88400E-03,+28.61309E-03,+161.58444E-03
+1.89700E-03,-1.53766E-03,+131.43369E-03
+1.91000E-03,-46.76379E-03,+86.20756E-03
+1.92300E-03,-91.98992E-03,+76.15731E-03
+1.93600E-03,-46.76379E-03,+86.20756E-03
+1.94900E-03,-91.98992E-03,+86.20756E-03
+1.96200E-03,-41.73867E-03,+81.18244E-03
+1.97500E-03,-127.16580E-03,+40.98143E-03
+1.98800E-03,+28.61309E-03,-69.57133E-03
+2.00100E-03,+4.98338691E+00,+51.03168E-03
+2.01400E-03,+4.93816078E+00,+81.18244E-03
+2.02700E-03,+4.98338691E+00,+86.20756E-03
+2.04000E-03,+5.01856279E+00,+5.80555E-03
+2.05300E-03,+5.01856279E+00,+40.98143E-03
+2.06600E-03,+4.93816078E+00,+86.20756E-03
+2.07900E-03,+4.91806027E+00,+86.20756E-03
+2.09200E-03,+4.93816078E+00,+10.83068E-03
+2.10500E-03,+4.89293465E+00,+96.25781E-03
+2.11800E-03,+5.01856279E+00,+15.85580E-03
+2.13100E-03,+4.93816078E+00,+86.20756E-03
+2.14400E-03,+4.93816078E+00,+5.80555E-03
+2.15700E-03,+4.98338691E+00,+86.20756E-03
+2.17000E-03,+5.01353766E+00,+10.83068E-03
+2.18300E-03,+4.98338691E+00,+51.03168E-03
+2.19600E-03,+4.94318590E+00,+81.18244E-03
+2.20900E-03,+4.93816078E+00,+5.80555E-03
+2.22200E-03,+5.00851254E+00,+161.58444E-03
+2.23500E-03,+4.93816078E+00,+5.80555E-03
+2.24800E-03,+5.01353766E+00,+91.23269E-03
+2.26100E-03,+4.93816078E+00,+51.03168E-03
+2.27400E-03,+5.01856279E+00,+156.55932E-03
+2.28700E-03,+4.90298490E+00,+86.20756E-03
+2.30000E-03,+4.93816078E+00,+10.83068E-03
+2.31300E-03,+4.97333666E+00,+86.20756E-03
+2.32600E-03,+4.94318590E+00,+5.80555E-03
+2.33900E-03,+4.89293465E+00,+40.98143E-03
+2.35200E-03,+4.86780902E+00,+161.58444E-03
+2.36500E-03,+4.90298490E+00,+5.80555E-03
+2.37800E-03,+4.93816078E+00,+5.80555E-03
+2.39100E-03,+4.97333666E+00,+40.98143E-03
+2.40400E-03,+4.93313565E+00,-64.54621E-03
+2.41700E-03,+4.92811053E+00,+86.20756E-03
+2.43000E-03,+5.00851254E+00,+91.23269E-03
+2.44300E-03,+4.93816078E+00,+5.80555E-03
+2.45600E-03,+5.01353766E+00,+156.55932E-03
+2.46900E-03,+4.93816078E+00,+40.98143E-03
+2.48200E-03,+4.86278389E+00,+96.25781E-03
+2.49500E-03,+4.93816078E+00,+96.25781E-03
+2.50800E-03,-127.16580E-03,+81.18244E-03
+2.52100E-03,-1.53766E-03,+40.98143E-03
+2.53400E-03,-41.73867E-03,+10.83068E-03
+2.54700E-03,-81.93967E-03,+51.03168E-03
+2.56000E-03,-122.14068E-03,+76.15731E-03
+2.57300E-03,-1.53766E-03,+51.03168E-03
+2.58600E-03,-122.14068E-03,+10.83068E-03
+2.59900E-03,-46.76379E-03,+5.80555E-03
+2.61200E-03,+23.58797E-03,+91.23269E-03
+2.62500E-03,-91.98992E-03,+40.98143E-03
+2.63800E-03,-202.54269E-03,+15.85580E-03
+2.65100E-03,-127.16580E-03,+86.20756E-03
+2.66400E-03,-51.78892E-03,+81.18244E-03
+2.67700E-03,-81.93967E-03,+86.20756E-03
+2.69000E-03,+28.61309E-03,+5.80555E-03
+2.70300E-03,-127.16580E-03,+86.20756E-03
+2.71600E-03,-122.14068E-03,+81.18244E-03
+2.72900E-03,-172.39193E-03,-4.24470E-03
+2.74200E-03,-46.76379E-03,+86.20756E-03
+2.75500E-03,-137.21605E-03,+5.80555E-03
+2.76800E-03,-46.76379E-03,+5.80555E-03
+2.78100E-03,-46.76379E-03,+86.20756E-03
+2.79400E-03,-127.16580E-03,+5.80555E-03
+2.80700E-03,-91.98992E-03,+96.25781E-03
+2.82000E-03,+28.61309E-03,+86.20756E-03
+2.83300E-03,-11.58791E-03,+51.03168E-03
+2.84600E-03,-127.16580E-03,+156.55932E-03
+2.85900E-03,-46.76379E-03,+86.20756E-03
+2.87200E-03,-51.78892E-03,+156.55932E-03
+2.88500E-03,-46.76379E-03,+86.20756E-03
+2.89800E-03,-46.76379E-03,+780.43E-06
+2.91100E-03,-46.76379E-03,+76.15731E-03
+2.92400E-03,-117.11555E-03,+5.80555E-03
+2.93700E-03,+43.68847E-03,+40.98143E-03
+2.95000E-03,-41.73867E-03,+5.80555E-03
+2.96300E-03,-56.81404E-03,+5.80555E-03
+2.97600E-03,-122.14068E-03,+5.80555E-03
+2.98900E-03,-46.76379E-03,+5.80555E-03
+3.00200E-03,+4.85775877E+00,+4.03595626E+00
+3.01500E-03,+4.98338691E+00,+3.70429797E+00
+3.02800E-03,+5.01856279E+00,+3.93042863E+00
+3.04100E-03,+5.01856279E+00,+3.85505174E+00
+3.05400E-03,+4.93816078E+00,+3.86510199E+00
+3.06700E-03,+4.90298490E+00,+3.86510199E+00
+3.08000E-03,+5.01856279E+00,+3.86007687E+00
+3.09300E-03,+4.92811053E+00,+3.86510199E+00
+3.10600E-03,+4.94318590E+00,+3.78972511E+00
+3.11900E-03,+5.01856279E+00,+3.81987586E+00
+3.13200E-03,+4.86278389E+00,+3.86510199E+00
+3.14500E-03,+4.89293465E+00,+3.91032812E+00
+3.15800E-03,+4.93816078E+00,+3.86007687E+00
+3.17100E-03,+4.97333666E+00,+3.82992611E+00
+3.18400E-03,+4.94318590E+00,+3.78469998E+00
+3.19700E-03,+4.90298490E+00,+3.86510199E+00
+3.21000E-03,+4.93816078E+00,+3.86007687E+00
+3.22300E-03,+5.01856279E+00,+3.89022762E+00
+3.23600E-03,+4.93816078E+00,+3.86007687E+00
+3.24900E-03,+5.06378892E+00,+3.86510199E+00
+3.26200E-03,+5.01856279E+00,+3.86007687E+00
+3.27500E-03,+4.97333666E+00,+3.73947385E+00
+3.28800E-03,+5.01353766E+00,+3.78469998E+00
+3.30100E-03,+4.92811053E+00,+3.81987586E+00
+3.31400E-03,+5.01856279E+00,+3.94550400E+00
+3.32700E-03,+4.93816078E+00,+3.82992611E+00
+3.34000E-03,+5.00851254E+00,+3.86510199E+00
+3.35300E-03,+4.97333666E+00,+3.90027787E+00
+3.36600E-03,+4.86278389E+00,+3.86510199E+00
+3.37900E-03,+4.93816078E+00,+3.82992611E+00
+3.39200E-03,+4.93816078E+00,+3.78972511E+00
+3.40500E-03,+4.93816078E+00,+3.82992611E+00
+3.41800E-03,+4.86780902E+00,+3.78469998E+00
+3.43100E-03,+4.92811053E+00,+3.90027787E+00
+3.44400E-03,+4.94318590E+00,+3.93545375E+00
+3.45700E-03,+4.94821103E+00,+3.77464973E+00
+3.47000E-03,+4.93816078E+00,+3.78972511E+00
+3.48300E-03,+5.01856279E+00,+3.77464973E+00
+3.49600E-03,+5.00851254E+00,+3.93545375E+00
+3.50900E-03,-81.93967E-03,+3.82992611E+00
+3.52200E-03,-46.76379E-03,+3.86510199E+00
+3.53500E-03,-91.98992E-03,+3.94550400E+00
+3.54800E-03,-51.78892E-03,+3.78469998E+00
+3.56100E-03,-127.16580E-03,+3.82992611E+00
+3.57400E-03,-127.16580E-03,+3.86510199E+00
+3.58700E-03,-81.93967E-03,+3.86510199E+00
+3.60000E-03,+28.61309E-03,+3.78972511E+00
+3.61300E-03,-81.93967E-03,+3.81987586E+00
+3.62600E-03,-51.78892E-03,+3.86510199E+00
+3.63900E-03,-36.71354E-03,+3.82992611E+00
+3.65200E-03,-46.76379E-03,+3.87012712E+00
+3.66500E-03,-91.98992E-03,+3.82992611E+00
+3.67800E-03,-51.78892E-03,+3.86007687E+00
+3.69100E-03,-91.98992E-03,+3.81987586E+00
+3.70400E-03,-122.14068E-03,+3.87012712E+00
+3.71700E-03,-81.93967E-03,+3.82992611E+00
+3.73000E-03,-51.78892E-03,+3.86007687E+00
+3.74300E-03,-127.16580E-03,+3.82992611E+00
+3.75600E-03,-46.76379E-03,+3.86007687E+00
+3.76900E-03,-11.58791E-03,+3.86510199E+00
+3.78200E-03,-122.14068E-03,+3.86510199E+00
+3.79500E-03,-127.16580E-03,+3.86510199E+00
+3.80800E-03,-117.11555E-03,+3.78972511E+00
+3.82100E-03,-127.16580E-03,+3.86510199E+00
+3.83400E-03,-46.76379E-03,+3.86007687E+00
+3.84700E-03,-81.93967E-03,+3.86510199E+00
+3.86000E-03,-41.73867E-03,+3.86007687E+00
+3.87300E-03,-11.58791E-03,+3.81987586E+00
+3.88600E-03,-51.78892E-03,+3.94550400E+00
+3.89900E-03,-81.93967E-03,+3.94550400E+00
+3.91200E-03,-51.78892E-03,+3.86007687E+00
+3.92500E-03,-81.93967E-03,+3.78469998E+00
+3.93800E-03,-51.78892E-03,+3.86510199E+00
+3.95100E-03,-127.16580E-03,+3.91032812E+00
+3.96400E-03,-41.73867E-03,+3.94047888E+00
+3.97700E-03,-46.76379E-03,+3.82992611E+00
+3.99000E-03,+23.58797E-03,+3.86510199E+00
+4.00300E-03,+4.85775877E+00,+3.81987586E+00
+4.01600E-03,+5.00851254E+00,+3.86510199E+00
+4.02900E-03,+5.06378892E+00,+3.82992611E+00
+4.04200E-03,+5.02358791E+00,+3.85505174E+00
+4.05500E-03,+4.94821103E+00,+3.81987586E+00
+4.06800E-03,+5.01353766E+00,+3.79475024E+00
+4.08100E-03,+4.98338691E+00,+3.86510199E+00
+4.09400E-03,+4.93816078E+00,+3.86007687E+00
+4.10700E-03,+4.89293465E+00,+3.81987586E+00
+4.12000E-03,+4.79243214E+00,+3.86007687E+00
+4.13300E-03,+4.93816078E+00,+3.91032812E+00
+4.14600E-03,+4.94318590E+00,+3.86510199E+00
+4.15900E-03,+4.97333666E+00,+3.86510199E+00
+4.17200E-03,+5.01353766E+00,+3.78469998E+00
+4.18500E-03,+4.98338691E+00,+3.82992611E+00
+4.19800E-03,+4.94821103E+00,+3.87012712E+00
+4.21100E-03,+4.98338691E+00,+3.74952410E+00
+4.22400E-03,+4.94318590E+00,+3.87012712E+00
+4.23700E-03,+4.97333666E+00,+3.91032812E+00
+4.25000E-03,+4.93816078E+00,+3.94047888E+00
+4.26300E-03,+4.93816078E+00,+3.78469998E+00
+4.27600E-03,+4.93816078E+00,+3.87012712E+00
+4.28900E-03,+4.97333666E+00,+3.82992611E+00
+4.30200E-03,+4.93816078E+00,+4.01585576E+00
+4.31500E-03,+4.98338691E+00,+3.86510199E+00
+4.32800E-03,+4.94318590E+00,+3.86510199E+00
+4.34100E-03,+4.90298490E+00,+3.78469998E+00
+4.35400E-03,+5.09896480E+00,+3.86510199E+00
+4.36700E-03,+4.97333666E+00,+3.82992611E+00
+4.38000E-03,+4.94318590E+00,+3.78972511E+00
+4.39300E-03,+4.98338691E+00,+3.82992611E+00
+4.40600E-03,+4.94318590E+00,+3.78469998E+00
+4.41900E-03,+4.94821103E+00,+3.82992611E+00
+4.43200E-03,+5.01353766E+00,+3.94047888E+00
+4.44500E-03,+5.01856279E+00,+3.91032812E+00
+4.45800E-03,+4.93816078E+00,+3.86510199E+00
+4.47100E-03,+5.01856279E+00,+3.86510199E+00
+4.48400E-03,+5.02358791E+00,+3.78469998E+00
+4.49700E-03,+4.98338691E+00,+3.86510199E+00
+4.51000E-03,-122.14068E-03,+3.78972511E+00
+4.52300E-03,-81.93967E-03,+3.81987586E+00
+4.53600E-03,-56.81404E-03,+3.78972511E+00
+4.54900E-03,-127.16580E-03,+3.77464973E+00
+4.56200E-03,+28.61309E-03,+3.78972511E+00
+4.57500E-03,-172.39193E-03,+3.87515224E+00
+4.58800E-03,-122.14068E-03,+3.86007687E+00
+4.60100E-03,-81.93967E-03,+3.86510199E+00
+4.61400E-03,+28.61309E-03,+3.79475024E+00
+4.62700E-03,-127.16580E-03,+3.73947385E+00
+4.64000E-03,-122.14068E-03,+3.86510199E+00
+4.65300E-03,-81.93967E-03,+3.86510199E+00
+4.66600E-03,-41.73867E-03,+3.87012712E+00
+4.67900E-03,-81.93967E-03,+3.81987586E+00
+4.69200E-03,-46.76379E-03,+3.78972511E+00
+4.70500E-03,-1.53766E-03,+3.86510199E+00
+4.71800E-03,-46.76379E-03,+3.78469998E+00
+4.73100E-03,-91.98992E-03,+3.86510199E+00
+4.74400E-03,+28.61309E-03,+3.86510199E+00
+4.75700E-03,-56.81404E-03,+3.79475024E+00
+4.77000E-03,-117.11555E-03,+3.86510199E+00
+4.78300E-03,-127.16580E-03,+3.86510199E+00
+4.79600E-03,-51.78892E-03,+3.78469998E+00
+4.80900E-03,-91.98992E-03,+3.86510199E+00
+4.82200E-03,-46.76379E-03,+3.86510199E+00
+4.83500E-03,-36.71354E-03,+3.83997637E+00
+4.84800E-03,-56.81404E-03,+3.86007687E+00
+4.86100E-03,-36.71354E-03,+3.86510199E+00
+4.87400E-03,-127.16580E-03,+3.78972511E+00
+4.88700E-03,-81.93967E-03,+3.86510199E+00
+4.90000E-03,-46.76379E-03,+3.93042863E+00
+4.91300E-03,-46.76379E-03,+3.81987586E+00
+4.92600E-03,-51.78892E-03,+3.86007687E+00
+4.93900E-03,-81.93967E-03,+3.86510199E+00
+4.95200E-03,+28.61309E-03,+3.87012712E+00
+4.96500E-03,-81.93967E-03,+3.82992611E+00
+4.97800E-03,-117.11555E-03,+3.86510199E+00
+4.99100E-03,-46.76379E-03,+3.74952410E+00
+5.00400E-03,+4.93816078E+00,+86.20756E-03
+5.01700E-03,+4.97333666E+00,+86.20756E-03
+5.03000E-03,+4.94318590E+00,+81.18244E-03
+5.04300E-03,+5.02861304E+00,+5.80555E-03
+5.05600E-03,+4.93816078E+00,+86.20756E-03
+5.06900E-03,+4.94821103E+00,-29.37033E-03
+5.08200E-03,+5.01856279E+00,+5.80555E-03
+5.09500E-03,+5.01856279E+00,+86.20756E-03
+5.10800E-03,+5.01856279E+00,+10.83068E-03
+5.12100E-03,+4.98338691E+00,+86.20756E-03
+5.13400E-03,+4.94318590E+00,+161.58444E-03
+5.14700E-03,+4.97333666E+00,+86.20756E-03
+5.16000E-03,+4.93816078E+00,+81.18244E-03
+5.17300E-03,+4.93816078E+00,-29.37033E-03
+5.18600E-03,+4.86278389E+00,+10.83068E-03
+5.19900E-03,+4.90298490E+00,+86.20756E-03
+5.21200E-03,+5.01353766E+00,+5.80555E-03
+5.22500E-03,+4.93816078E+00,+40.98143E-03
+5.23800E-03,+4.94318590E+00,+81.18244E-03
+5.25100E-03,+4.94821103E+00,+86.20756E-03
+5.26400E-03,+5.01856279E+00,+81.18244E-03
+5.27700E-03,+4.93816078E+00,+15.85580E-03
+5.29000E-03,+5.01353766E+00,-64.54621E-03
+5.30300E-03,+4.93816078E+00,+86.20756E-03
+5.31600E-03,+4.86278389E+00,+86.20756E-03
+5.32900E-03,+4.89293465E+00,+86.20756E-03
+5.34200E-03,+5.08891454E+00,+86.20756E-03
+5.35500E-03,+4.93816078E+00,+40.98143E-03
+5.36800E-03,+4.86278389E+00,+81.18244E-03
+5.38100E-03,+4.97333666E+00,+86.20756E-03
+5.39400E-03,+4.94318590E+00,+5.80555E-03
+5.40700E-03,+4.98338691E+00,+76.15731E-03
+5.42000E-03,+4.94318590E+00,+780.43E-06
+5.43300E-03,+4.99343716E+00,+51.03168E-03
+5.44600E-03,+4.94318590E+00,+10.83068E-03
+5.45900E-03,+5.01856279E+00,+5.80555E-03
+5.47200E-03,+4.93816078E+00,+10.83068E-03
+5.48500E-03,+4.97333666E+00,+5.80555E-03
+5.49800E-03,+5.01353766E+00,+81.18244E-03
+5.51100E-03,-91.98992E-03,+86.20756E-03
+5.52400E-03,+28.61309E-03,+81.18244E-03
+5.53700E-03,-46.76379E-03,+51.03168E-03
+5.55000E-03,-122.14068E-03,+81.18244E-03
+5.56300E-03,-127.16580E-03,+51.03168E-03
+5.57600E-03,-122.14068E-03,+86.20756E-03
+5.58900E-03,-127.16580E-03,+40.98143E-03
+5.60200E-03,-127.16580E-03,+156.55932E-03
+5.61500E-03,-46.76379E-03,-39.42058E-03
+5.62800E-03,-41.73867E-03,+86.20756E-03
+5.64100E-03,+33.63822E-03,+96.25781E-03
+5.65400E-03,+28.61309E-03,+81.18244E-03
+5.66700E-03,-46.76379E-03,+86.20756E-03
+5.68000E-03,-46.76379E-03,+81.18244E-03
+5.69300E-03,-91.98992E-03,-4.24470E-03
+5.70600E-03,-127.16580E-03,+86.20756E-03
+5.71900E-03,-11.58791E-03,+40.98143E-03
+5.73200E-03,-122.14068E-03,+10.83068E-03
+5.74500E-03,+33.63822E-03,+176.65982E-03
+5.75800E-03,-117.11555E-03,-69.57133E-03
+5.77100E-03,-91.98992E-03,+40.98143E-03
+5.78400E-03,-51.78892E-03,+86.20756E-03
+5.79700E-03,-1.53766E-03,+86.20756E-03
+5.81000E-03,-51.78892E-03,+86.20756E-03
+5.82300E-03,-127.16580E-03,+86.20756E-03
+5.83600E-03,-46.76379E-03,+5.80555E-03
+5.84900E-03,-11.58791E-03,+5.80555E-03
+5.86200E-03,-122.14068E-03,+81.18244E-03
+5.87500E-03,-36.71354E-03,+96.25781E-03
+5.88800E-03,-127.16580E-03,+86.20756E-03
+5.90100E-03,-11.58791E-03,+51.03168E-03
+5.91400E-03,-51.78892E-03,+10.83068E-03
+5.92700E-03,-127.16580E-03,+40.98143E-03
+5.94000E-03,-192.49243E-03,+780.43E-06
+5.95300E-03,-36.71354E-03,+76.15731E-03
+5.96600E-03,-202.54269E-03,+76.15731E-03
+5.97900E-03,-1.53766E-03,+40.98143E-03
+5.99200E-03,-46.76379E-03,+81.18244E-03
+6.00500E-03,+4.98338691E+00,+3.94550400E+00
+6.01800E-03,+5.01353766E+00,+3.71434823E+00
+6.03100E-03,+4.93816078E+00,+3.86510199E+00
+6.04400E-03,+5.01353766E+00,+3.87012712E+00
+6.05700E-03,+5.01856279E+00,+3.86510199E+00
+6.07000E-03,+5.01856279E+00,+3.86510199E+00
+6.08300E-03,+4.97333666E+00,+3.87515224E+00
+6.09600E-03,+5.01353766E+00,+3.86510199E+00
+6.10900E-03,+5.01856279E+00,+3.81987586E+00
+6.12200E-03,+4.94318590E+00,+3.94047888E+00
+6.13500E-03,+5.01856279E+00,+3.82992611E+00
+6.14800E-03,+5.01353766E+00,+3.78469998E+00
+6.16100E-03,+4.89293465E+00,+3.81987586E+00
+6.17400E-03,+4.94318590E+00,+3.86007687E+00
+6.18700E-03,+4.98338691E+00,+3.78469998E+00
+6.20000E-03,+5.01856279E+00,+3.86007687E+00
+6.21300E-03,+4.97333666E+00,+3.82992611E+00
+6.22600E-03,+4.86780902E+00,+3.86510199E+00
+6.23900E-03,+4.97333666E+00,+3.82992611E+00
+6.25200E-03,+5.00851254E+00,+3.78469998E+00
+6.26500E-03,+4.93816078E+00,+3.94550400E+00
+6.27800E-03,+5.00851254E+00,+3.70932310E+00
+6.29100E-03,+5.01856279E+00,+3.78469998E+00
+6.30400E-03,+4.93816078E+00,+3.78469998E+00
+6.31700E-03,+4.90298490E+00,+3.91032812E+00
+6.33000E-03,+4.86780902E+00,+3.78972511E+00
+6.34300E-03,+4.98338691E+00,+3.85505174E+00
+6.35600E-03,+4.93816078E+00,+3.78972511E+00
+6.36900E-03,+4.93816078E+00,+3.81987586E+00
+6.38200E-03,+4.94318590E+00,+3.78972511E+00
+6.39500E-03,+4.98338691E+00,+3.87515224E+00
+6.40800E-03,+5.02358791E+00,+3.87012712E+00
+6.42100E-03,+4.97333666E+00,+3.82992611E+00
+6.43400E-03,+5.01856279E+00,+3.87012712E+00
+6.44700E-03,+4.93816078E+00,+3.90027787E+00
+6.46000E-03,+4.78740701E+00,+3.94047888E+00
+6.47300E-03,+4.85775877E+00,+3.82992611E+00
+6.48600E-03,+4.93816078E+00,+3.86510199E+00
+6.49900E-03,+4.93816078E+00,+3.78469998E+00
+6.51200E-03,+28.61309E-03,+3.86007687E+00
+6.52500E-03,-91.98992E-03,+3.78469998E+00
+6.53800E-03,-122.14068E-03,+3.70932310E+00
+6.55100E-03,-127.16580E-03,+3.86510199E+00
+6.56400E-03,-127.16580E-03,+3.78972511E+00
+6.57700E-03,-11.58791E-03,+3.78469998E+00
+6.59000E-03,-122.14068E-03,+3.86007687E+00
+6.60300E-03,-91.98992E-03,+3.85505174E+00
+6.61600E-03,-51.78892E-03,+3.71937335E+00
+6.62900E-03,-46.76379E-03,+3.86510199E+00
+6.64200E-03,-51.78892E-03,+3.87012712E+00
+6.65500E-03,-56.81404E-03,+3.81987586E+00
+6.66800E-03,-122.14068E-03,+3.78469998E+00
+6.68100E-03,-46.76379E-03,+3.82992611E+00
+6.69400E-03,-41.73867E-03,+3.86510199E+00
+6.70700E-03,-46.76379E-03,+3.86510199E+00
+6.72000E-03,-46.76379E-03,+3.78972511E+00
+6.73300E-03,-81.93967E-03,+3.81987586E+00
+6.74600E-03,-46.76379E-03,+3.87012712E+00
+6.75900E-03,-127.16580E-03,+3.73947385E+00
+6.77200E-03,-122.14068E-03,+3.86510199E+00
+6.78500E-03,-127.16580E-03,+3.86510199E+00
+6.79800E-03,-122.14068E-03,+3.93545375E+00
+6.81100E-03,-11.58791E-03,+3.86510199E+00
+6.82400E-03,-51.78892E-03,+3.86007687E+00
+6.83700E-03,-81.93967E-03,+3.82992611E+00
+6.85000E-03,-122.14068E-03,+3.86510199E+00
+6.86300E-03,-81.93967E-03,+3.90027787E+00
+6.87600E-03,-46.76379E-03,+3.86007687E+00
+6.88900E-03,-91.98992E-03,+3.81987586E+00
+6.90200E-03,-51.78892E-03,+3.86510199E+00
+6.91500E-03,-36.71354E-03,+3.87515224E+00
+6.92800E-03,-51.78892E-03,+3.86510199E+00
+6.94100E-03,-46.76379E-03,+3.87515224E+00
+6.95400E-03,-51.78892E-03,+3.86510199E+00
+6.96700E-03,-127.16580E-03,+3.78469998E+00
+6.98000E-03,-122.14068E-03,+3.94550400E+00
+6.99300E-03,-81.93967E-03,+3.78469998E+00
+7.00600E-03,+4.93816078E+00,+10.83068E-03
+7.01900E-03,+4.98338691E+00,+66.10706E-03
+7.03200E-03,+4.93816078E+00,+81.18244E-03
+7.04500E-03,+4.98338691E+00,+15.85580E-03
+7.05800E-03,+4.86278389E+00,+5.80555E-03
+7.07100E-03,+4.98338691E+00,+86.20756E-03
+7.08400E-03,+5.01353766E+00,-64.54621E-03
+7.09700E-03,+4.97333666E+00,+5.80555E-03
+7.11000E-03,+5.01353766E+00,+86.20756E-03
+7.12300E-03,+4.93816078E+00,+51.03168E-03
+7.13600E-03,+5.01353766E+00,+10.83068E-03
+7.14900E-03,+4.97333666E+00,+51.03168E-03
+7.16200E-03,+4.94318590E+00,-69.57133E-03
+7.17500E-03,+4.98338691E+00,+86.20756E-03
+7.18800E-03,+4.86780902E+00,+81.18244E-03
+7.20100E-03,+4.93816078E+00,+96.25781E-03
+7.21400E-03,+5.02358791E+00,+10.83068E-03
+7.22700E-03,+4.90298490E+00,+5.80555E-03
+7.24000E-03,+4.93816078E+00,+86.20756E-03
+7.25300E-03,+4.94821103E+00,+96.25781E-03
+7.26600E-03,+4.94318590E+00,+10.83068E-03
+7.27900E-03,+4.98338691E+00,+51.03168E-03
+7.29200E-03,+5.01353766E+00,+81.18244E-03
+7.30500E-03,+5.00851254E+00,+5.80555E-03
+7.31800E-03,+5.01856279E+00,+10.83068E-03
+7.33100E-03,+4.97333666E+00,+86.20756E-03
+7.34400E-03,+4.86780902E+00,+86.20756E-03
+7.35700E-03,+4.90298490E+00,+86.20756E-03
+7.37000E-03,+4.86780902E+00,+81.18244E-03
+7.38300E-03,+4.90298490E+00,+40.98143E-03
+7.39600E-03,+4.93816078E+00,+10.83068E-03
+7.40900E-03,+4.93816078E+00,+5.80555E-03
+7.42200E-03,+5.01353766E+00,+86.20756E-03
+7.43500E-03,+5.01856279E+00,-29.37033E-03
+7.44800E-03,+5.08891454E+00,+5.80555E-03
+7.46100E-03,+4.98338691E+00,-4.24470E-03
+7.47400E-03,+5.02358791E+00,+81.18244E-03
+7.48700E-03,+4.99343716E+00,-4.24470E-03
+7.50000E-03,+5.01353766E+00,+86.20756E-03
+7.51300E-03,-91.98992E-03,+51.03168E-03
+7.52600E-03,-127.16580E-03,+86.20756E-03
+7.53900E-03,-91.98992E-03,+5.80555E-03
+7.55200E-03,-46.76379E-03,+86.20756E-03
+7.56500E-03,-81.93967E-03,+40.98143E-03
+7.57800E-03,-46.76379E-03,+81.18244E-03
+7.59100E-03,-11.58791E-03,+121.38344E-03
+7.60400E-03,-46.76379E-03,+5.80555E-03
+7.61700E-03,-46.76379E-03,+86.20756E-03
+7.63000E-03,-127.16580E-03,+10.83068E-03
+7.64300E-03,-46.76379E-03,+51.03168E-03
+7.65600E-03,-51.78892E-03,+156.55932E-03
+7.66900E-03,-11.58791E-03,+5.80555E-03
+7.68200E-03,-122.14068E-03,+10.83068E-03
+7.69500E-03,-91.98992E-03,+51.03168E-03
+7.70800E-03,-122.14068E-03,+86.20756E-03
+7.72100E-03,-46.76379E-03,+40.98143E-03
+7.73400E-03,-122.14068E-03,+86.20756E-03
+7.74700E-03,-56.81404E-03,-4.24470E-03
+7.76000E-03,-46.76379E-03,+81.18244E-03
+7.77300E-03,-137.21605E-03,+40.98143E-03
+7.78600E-03,-117.11555E-03,+151.53419E-03
+7.79900E-03,-91.98992E-03,+121.38344E-03
+7.81200E-03,-46.76379E-03,+5.80555E-03
+7.82500E-03,-46.76379E-03,+5.80555E-03
+7.83800E-03,+103.98997E-03,+10.83068E-03
+7.85100E-03,-56.81404E-03,+40.98143E-03
+7.86400E-03,+28.61309E-03,+5.80555E-03
+7.87700E-03,-46.76379E-03,+5.80555E-03
+7.89000E-03,-51.78892E-03,+81.18244E-03
+7.90300E-03,-117.11555E-03,+86.20756E-03
+7.91600E-03,-132.19093E-03,+86.20756E-03
+7.92900E-03,-127.16580E-03,+121.38344E-03
+7.94200E-03,-117.11555E-03,+76.15731E-03
+7.95500E-03,-46.76379E-03,+86.20756E-03
+7.96800E-03,-122.14068E-03,+86.20756E-03
+7.98100E-03,-81.93967E-03,+5.80555E-03
+7.99400E-03,-46.76379E-03,+5.80555E-03
+8.00700E-03,+5.01856279E+00,+3.81987586E+00
+8.02000E-03,+5.08891454E+00,+3.78972511E+00
+8.03300E-03,+4.97333666E+00,+3.81987586E+00
+8.04600E-03,+4.93816078E+00,+3.86007687E+00
+8.05900E-03,+4.90298490E+00,+3.91032812E+00
+8.07200E-03,+5.00851254E+00,+3.86510199E+00
+8.08500E-03,+4.90298490E+00,+3.81987586E+00
+8.09800E-03,+4.78740701E+00,+3.93545375E+00
+8.11100E-03,+4.85775877E+00,+3.86510199E+00
+8.12400E-03,+4.94318590E+00,+3.78972511E+00
+8.13700E-03,+4.97333666E+00,+3.82992611E+00
+8.15000E-03,+5.01353766E+00,+3.78469998E+00
+8.16300E-03,+4.98338691E+00,+3.91032812E+00
+8.17600E-03,+5.01856279E+00,+3.78972511E+00
+8.18900E-03,+5.01856279E+00,+3.81987586E+00
+8.20200E-03,+5.01353766E+00,+3.87012712E+00
+8.21500E-03,+4.97333666E+00,+3.82992611E+00
+8.22800E-03,+4.93816078E+00,+3.86007687E+00
+8.24100E-03,+5.01856279E+00,+3.91032812E+00
+8.25400E-03,+4.87283414E+00,+3.71434823E+00
+8.26700E-03,+4.92811053E+00,+3.79475024E+00
+8.28000E-03,+5.01353766E+00,+3.86510199E+00
+8.29300E-03,+4.90298490E+00,+3.90027787E+00
+8.30600E-03,+5.01856279E+00,+3.63897134E+00
+8.31900E-03,+4.93816078E+00,+3.81987586E+00
+8.33200E-03,+4.94821103E+00,+3.71434823E+00
+8.34500E-03,+4.98338691E+00,+3.73947385E+00
+8.35800E-03,+4.94318590E+00,+3.78469998E+00
+8.37100E-03,+4.93816078E+00,+3.81987586E+00
+8.38400E-03,+4.93816078E+00,+3.79475024E+00
+8.39700E-03,+4.92811053E+00,+3.82992611E+00
+8.41000E-03,+4.93816078E+00,+3.94550400E+00
+8.42300E-03,+4.93816078E+00,+3.86510199E+00
+8.43600E-03,+4.94318590E+00,+3.79475024E+00
+8.44900E-03,+4.93816078E+00,+3.78469998E+00
+8.46200E-03,+4.94318590E+00,+3.87012712E+00
+8.47500E-03,+4.93816078E+00,+3.78469998E+00
+8.48800E-03,+4.85775877E+00,+3.94047888E+00
+8.50100E-03,-91.98992E-03,+3.81987586E+00
+8.51400E-03,-122.14068E-03,+3.86007687E+00
+8.52700E-03,-91.98992E-03,+3.82992611E+00
+8.54000E-03,-46.76379E-03,+3.78972511E+00
+8.55300E-03,-81.93967E-03,+3.86510199E+00
+8.56600E-03,-46.76379E-03,+3.86510199E+00
+8.57900E-03,-46.76379E-03,+3.82992611E+00
+8.59200E-03,+28.61309E-03,+3.77967486E+00
+8.60500E-03,-46.76379E-03,+3.81987586E+00
+8.61800E-03,-51.78892E-03,+3.86007687E+00
+8.63100E-03,-81.93967E-03,+3.86510199E+00
+8.64400E-03,-122.14068E-03,+3.86007687E+00
+8.65700E-03,-46.76379E-03,+3.86510199E+00
+8.67000E-03,-56.81404E-03,+3.78469998E+00
+8.68300E-03,-46.76379E-03,+3.82992611E+00
+8.69600E-03,-46.76379E-03,+3.78469998E+00
+8.70900E-03,-127.16580E-03,+3.86510199E+00
+8.72200E-03,-127.16580E-03,+3.78972511E+00
+8.73500E-03,-46.76379E-03,+3.79475024E+00
+8.74800E-03,-46.76379E-03,+3.78972511E+00
+8.76100E-03,-81.93967E-03,+3.79475024E+00
+8.77400E-03,-122.14068E-03,+3.78972511E+00
+8.78700E-03,-81.93967E-03,+3.86510199E+00
+8.80000E-03,-51.78892E-03,+3.87012712E+00
+8.81300E-03,-46.76379E-03,+3.82992611E+00
+8.82600E-03,-46.76379E-03,+3.86007687E+00
+8.83900E-03,-81.93967E-03,+3.81987586E+00
+8.85200E-03,-127.16580E-03,+3.86007687E+00
+8.86500E-03,-46.76379E-03,+3.78469998E+00
+8.87800E-03,-41.73867E-03,+3.86510199E+00
+8.89100E-03,-46.76379E-03,+3.73947385E+00
+8.90400E-03,-127.16580E-03,+3.78972511E+00
+8.91700E-03,-117.11555E-03,+3.90027787E+00
+8.93000E-03,-127.16580E-03,+3.78972511E+00
+8.94300E-03,+33.63822E-03,+3.78469998E+00
+8.95600E-03,-122.14068E-03,+3.86007687E+00
+8.96900E-03,-91.98992E-03,+3.85505174E+00
+8.98200E-03,-122.14068E-03,+3.86510199E+00
+8.99500E-03,+43.68847E-03,+3.82992611E+00
+9.00800E-03,+4.94318590E+00,+3.86007687E+00
+9.02100E-03,+4.98338691E+00,+3.78469998E+00
+9.03400E-03,+5.09896480E+00,+3.86510199E+00
+9.04700E-03,+4.93816078E+00,+3.77464973E+00
+9.06000E-03,+5.01856279E+00,+3.78469998E+00
+9.07300E-03,+4.93816078E+00,+3.78469998E+00
+9.08600E-03,+4.93313565E+00,+3.86007687E+00
+9.09900E-03,+4.98338691E+00,+3.82992611E+00
+9.11200E-03,+4.93816078E+00,+3.87012712E+00
+9.12500E-03,+4.92811053E+00,+3.86510199E+00
+9.13800E-03,+4.93816078E+00,+3.86510199E+00
+9.15100E-03,+4.93816078E+00,+3.82992611E+00
+9.16400E-03,+5.01353766E+00,+3.94047888E+00
+9.17700E-03,+4.98338691E+00,+3.86510199E+00
+9.19000E-03,+5.01856279E+00,+3.78469998E+00
+9.20300E-03,+4.93816078E+00,+3.77464973E+00
+9.21600E-03,+5.01856279E+00,+3.78972511E+00
+9.22900E-03,+4.93816078E+00,+3.81987586E+00
+9.24200E-03,+4.94318590E+00,+3.78469998E+00
+9.25500E-03,+4.97333666E+00,+3.91032812E+00
+9.26800E-03,+4.94318590E+00,+3.78972511E+00
+9.28100E-03,+5.01856279E+00,+3.81987586E+00
+9.29400E-03,+5.01353766E+00,+3.86510199E+00
+9.30700E-03,+4.92811053E+00,+3.86510199E+00
+9.32000E-03,+5.01856279E+00,+3.86510199E+00
+9.33300E-03,+4.94821103E+00,+3.78469998E+00
+9.34600E-03,+5.01856279E+00,+3.78469998E+00
+9.35900E-03,+4.97333666E+00,+3.81987586E+00
+9.37200E-03,+5.01353766E+00,+3.78469998E+00
+9.38500E-03,+4.93816078E+00,+3.78469998E+00
+9.39800E-03,+4.86278389E+00,+3.94047888E+00
+9.41100E-03,+4.97333666E+00,+3.86510199E+00
+9.42400E-03,+5.02358791E+00,+3.86007687E+00
+9.43700E-03,+4.97333666E+00,+3.82992611E+00
+9.45000E-03,+4.94318590E+00,+3.78972511E+00
+9.46300E-03,+4.93816078E+00,+3.81987586E+00
+9.47600E-03,+4.94318590E+00,+3.78972511E+00
+9.48900E-03,+4.97333666E+00,+3.73947385E+00
+9.50200E-03,-46.76379E-03,+3.78972511E+00
+9.51500E-03,-46.76379E-03,+3.81987586E+00
+9.52800E-03,-117.11555E-03,+3.78469998E+00
+9.54100E-03,-127.16580E-03,+3.91032812E+00
+9.55400E-03,-51.78892E-03,+3.86510199E+00
+9.56700E-03,-127.16580E-03,+3.81987586E+00
+9.58000E-03,-122.14068E-03,+3.86510199E+00
+9.59300E-03,-11.58791E-03,+3.86510199E+00
+9.60600E-03,-122.14068E-03,+3.86510199E+00
+9.61900E-03,-46.76379E-03,+3.82992611E+00
+9.63200E-03,-117.11555E-03,+3.78469998E+00
+9.64500E-03,-46.76379E-03,+3.82992611E+00
+9.65800E-03,-51.78892E-03,+3.77967486E+00
+9.67100E-03,-56.81404E-03,+3.81987586E+00
+9.68400E-03,-127.16580E-03,+3.78972511E+00
+9.69700E-03,-81.93967E-03,+3.78469998E+00
+9.71000E-03,-122.14068E-03,+3.86510199E+00
+9.72300E-03,-127.16580E-03,+3.82992611E+00
+9.73600E-03,+28.61309E-03,+3.86007687E+00
+9.74900E-03,-1.53766E-03,+3.77464973E+00
+9.76200E-03,-46.76379E-03,+3.86510199E+00
+9.77500E-03,-46.76379E-03,+3.86510199E+00
+9.78800E-03,-122.14068E-03,+3.78469998E+00
+9.80100E-03,-1.53766E-03,+3.85505174E+00
+9.81400E-03,-46.76379E-03,+3.78972511E+00
+9.82700E-03,-46.76379E-03,+3.81987586E+00
+9.84000E-03,-51.78892E-03,+3.86007687E+00
+9.85300E-03,-1.53766E-03,+3.90027787E+00
+9.86600E-03,-46.76379E-03,+3.78972511E+00
+9.87900E-03,-81.93967E-03,+3.82992611E+00
+9.89200E-03,-46.76379E-03,+3.86007687E+00
+9.90500E-03,-91.98992E-03,+3.86510199E+00
+9.91800E-03,-46.76379E-03,+3.94047888E+00
+9.93100E-03,-11.58791E-03,+3.78469998E+00
+9.94400E-03,-51.78892E-03,+3.78972511E+00
+9.95700E-03,-46.76379E-03,+3.86510199E+00
+9.97000E-03,-51.78892E-03,+3.93545375E+00
+9.98300E-03,-1.53766E-03,+3.82992611E+00
+9.99600E-03,-122.14068E-03,+3.78972511E+00
+10.00900E-03,+5.05373867E+00,+3.81987586E+00
+10.02200E-03,+4.94318590E+00,+3.77967486E+00
+10.03500E-03,+4.98338691E+00,+3.82992611E+00
+10.04800E-03,+5.09393967E+00,+3.86007687E+00
+10.06100E-03,+4.89293465E+00,+3.81987586E+00
+10.07400E-03,+5.01856279E+00,+3.78469998E+00
+10.08700E-03,+4.98338691E+00,+3.87515224E+00
+10.10000E-03,+4.86780902E+00,+3.78469998E+00
+10.11300E-03,+5.06378892E+00,+3.81987586E+00
+10.12600E-03,+4.93816078E+00,+3.71434823E+00
+10.13900E-03,+4.93816078E+00,+3.81987586E+00
+10.15200E-03,+4.86278389E+00,+3.93545375E+00
+10.16500E-03,+4.89293465E+00,+3.86510199E+00
+10.17800E-03,+5.01856279E+00,+3.78972511E+00
+10.19100E-03,+4.93816078E+00,+3.81987586E+00
+10.20400E-03,+5.01353766E+00,+3.86510199E+00
+10.21700E-03,+4.90298490E+00,+3.86510199E+00
+10.23000E-03,+4.93816078E+00,+3.78469998E+00
+10.24300E-03,+4.89293465E+00,+3.78469998E+00
+10.25600E-03,+5.01856279E+00,+3.86510199E+00
+10.26900E-03,+4.97333666E+00,+3.86510199E+00
+10.28200E-03,+4.94821103E+00,+3.86510199E+00
+10.29500E-03,+4.97333666E+00,+3.78469998E+00
+10.30800E-03,+4.94318590E+00,+3.78972511E+00
+10.32100E-03,+5.09896480E+00,+3.74952410E+00
+10.33400E-03,+5.08388942E+00,+3.86007687E+00
+10.34700E-03,+5.01856279E+00,+3.78469998E+00
+10.36000E-03,+5.01856279E+00,+3.86510199E+00
+10.37300E-03,+5.01856279E+00,+3.78469998E+00
+10.38600E-03,+4.93816078E+00,+3.86510199E+00
+10.39900E-03,+4.97333666E+00,+3.81987586E+00
+10.41200E-03,+4.94318590E+00,+3.93545375E+00
+10.42500E-03,+4.98338691E+00,+3.82992611E+00
+10.43800E-03,+4.94318590E+00,+3.78972511E+00
+10.45100E-03,+4.97333666E+00,+3.89022762E+00
+10.46400E-03,+4.86780902E+00,+3.78972511E+00
+10.47700E-03,+4.90298490E+00,+3.81987586E+00
+10.49000E-03,+5.01856279E+00,+3.78469998E+00
+10.50300E-03,-46.76379E-03,+3.78469998E+00
+10.51600E-03,+33.63822E-03,+3.79475023E+00
+10.52900E-03,-81.93967E-03,+3.82992611E+00
+10.54200E-03,-122.14068E-03,+3.86510199E+00
+10.55500E-03,-127.16580E-03,+3.82992611E+00
+10.56800E-03,+23.58797E-03,+3.86510199E+00
+10.58100E-03,-1.53766E-03,+3.78469998E+00
+10.59400E-03,-122.14068E-03,+3.86510199E+00
+10.60700E-03,-81.93967E-03,+3.86510199E+00
+10.62000E-03,-127.16580E-03,+3.86510199E+00
+10.63300E-03,-1.53766E-03,+3.80982561E+00
+10.64600E-03,+28.61309E-03,+3.86007687E+00
+10.65900E-03,-56.81404E-03,+3.78469998E+00
+10.67200E-03,+28.61309E-03,+3.78972511E+00
+10.68500E-03,-91.98992E-03,+3.85505174E+00
+10.69800E-03,-51.78892E-03,+3.86007687E+00
+10.71100E-03,-46.76379E-03,+3.81987586E+00
+10.72400E-03,-41.73867E-03,+3.94550400E+00
+10.73700E-03,-1.53766E-03,+3.78469998E+00
+10.75000E-03,-46.76379E-03,+3.77967486E+00
+10.76300E-03,-127.16580E-03,+3.81987586E+00
+10.77600E-03,-41.73867E-03,+3.71434823E+00
+10.78900E-03,-127.16580E-03,+3.87515224E+00
+10.80200E-03,-127.16580E-03,+3.79475023E+00
+10.81500E-03,-102.04017E-03,+3.78469998E+00
+10.82800E-03,-46.76379E-03,+3.86510199E+00
+10.84100E-03,-46.76379E-03,+3.78469998E+00
+10.85400E-03,-46.76379E-03,+3.71434823E+00
+10.86700E-03,-91.98992E-03,+3.78469998E+00
+10.88000E-03,-51.78892E-03,+3.85505174E+00
+10.89300E-03,-127.16580E-03,+3.82992611E+00
+10.90600E-03,-122.14068E-03,+3.70932310E+00
+10.91900E-03,-81.93967E-03,+3.82992611E+00
+10.93200E-03,-117.11555E-03,+3.86007687E+00
+10.94500E-03,-46.76379E-03,+3.82992611E+00
+10.95800E-03,-51.78892E-03,+3.86510199E+00
+10.97100E-03,-81.93967E-03,+3.86510199E+00
+10.98400E-03,-202.54269E-03,+3.78469998E+00
+10.99700E-03,-172.39193E-03,+3.77464973E+00
+11.01000E-03,+4.93816078E+00,+3.78469998E+00
+11.02300E-03,+4.98338691E+00,+3.78469998E+00
+11.03600E-03,+4.93313565E+00,+3.86510199E+00
+11.04900E-03,+5.05373867E+00,+3.91032812E+00
+11.06200E-03,+5.00851254E+00,+3.85505174E+00
+11.07500E-03,+4.89293465E+00,+3.78469998E+00
+11.08800E-03,+4.94318590E+00,+3.78972511E+00
+11.10100E-03,+4.94821103E+00,+3.86510199E+00
+11.11400E-03,+4.85775877E+00,+3.77967486E+00
+11.12700E-03,+4.98338691E+00,+3.85505174E+00
+11.14000E-03,+5.01353766E+00,+3.85505174E+00
+11.15300E-03,+4.96328641E+00,+3.85505174E+00
+11.16600E-03,+4.93816078E+00,+3.78469998E+00
+11.17900E-03,+4.93816078E+00,+3.86510199E+00
+11.19200E-03,+4.93816078E+00,+3.78469998E+00
+11.20500E-03,+4.98338691E+00,+3.79475023E+00
+11.21800E-03,+4.93816078E+00,+3.86510199E+00
+11.23100E-03,+4.93816078E+00,+3.77464973E+00
+11.24400E-03,+4.94318590E+00,+3.86510199E+00
+11.25700E-03,+4.98338691E+00,+3.91032812E+00
+11.27000E-03,+5.02358791E+00,+3.79475023E+00
+11.28300E-03,+4.98338691E+00,+3.81987586E+00
+11.29600E-03,+5.01353766E+00,+3.86510199E+00
+11.30900E-03,+5.01856279E+00,+3.82992611E+00
+11.32200E-03,+4.93816078E+00,+3.86510199E+00
+11.33500E-03,+4.89293465E+00,+3.81987586E+00
+11.34800E-03,+4.93816078E+00,+3.86510199E+00
+11.36100E-03,+4.97333666E+00,+3.79475023E+00
+11.37400E-03,+4.93816078E+00,+3.86007687E+00
+11.38700E-03,+4.93816078E+00,+3.87515224E+00
+11.40000E-03,+4.94318590E+00,+3.86510199E+00
+11.41300E-03,+4.86780902E+00,+3.82992611E+00
+11.42600E-03,+5.01856279E+00,+3.78972511E+00
+11.43900E-03,+4.97333666E+00,+3.80982561E+00
+11.45200E-03,+4.94318590E+00,+3.86510199E+00
+11.46500E-03,+4.93816078E+00,+3.81987586E+00
+11.47800E-03,+5.00851254E+00,+3.78972511E+00
+11.49100E-03,+4.98338691E+00,+3.87515224E+00
+11.50400E-03,-46.76379E-03,+3.86007687E+00
+11.51700E-03,-36.71354E-03,+3.81987586E+00
+11.53000E-03,-51.78892E-03,+3.78972511E+00
+11.54300E-03,-91.98992E-03,+3.78469998E+00
+11.55600E-03,-122.14068E-03,+3.86510199E+00
+11.56900E-03,-91.98992E-03,+3.81987586E+00
+11.58200E-03,+18.56284E-03,+3.78972511E+00
+11.59500E-03,-91.98992E-03,+3.86510199E+00
+11.60800E-03,+23.58797E-03,+3.86007687E+00
+11.62100E-03,-46.76379E-03,+3.81987586E+00
+11.63400E-03,+23.58797E-03,+3.78469998E+00
+11.64700E-03,-46.76379E-03,+3.85505174E+00
+11.66000E-03,-41.73867E-03,+3.78972511E+00
+11.67300E-03,-46.76379E-03,+3.90027787E+00
+11.68600E-03,-202.54269E-03,+3.78972511E+00
+11.69900E-03,-46.76379E-03,+3.78469998E+00
+11.71200E-03,-127.16580E-03,+3.86510199E+00
+11.72500E-03,-91.98992E-03,+3.81987586E+00
+11.73800E-03,-127.16580E-03,+3.86007687E+00
+11.75100E-03,-46.76379E-03,+3.82992611E+00
+11.76400E-03,-132.19093E-03,+3.78469998E+00
+11.77700E-03,-11.58791E-03,+3.86510199E+00
+11.79000E-03,-122.14068E-03,+3.78972511E+00
+11.80300E-03,-46.76379E-03,+3.82992611E+00
+11.81600E-03,-46.76379E-03,+3.78972511E+00
+11.82900E-03,-127.16580E-03,+3.86510199E+00
+11.84200E-03,-41.73867E-03,+3.86510199E+00
+11.85500E-03,-127.16580E-03,+3.86510199E+00
+11.86800E-03,-127.16580E-03,+3.86510199E+00
+11.88100E-03,-46.76379E-03,+3.86510199E+00
+11.89400E-03,-51.78892E-03,+3.86007687E+00
+11.90700E-03,-81.93967E-03,+3.81987586E+00
+11.92000E-03,-46.76379E-03,+3.86510199E+00
+11.93300E-03,-91.98992E-03,+3.78469998E+00
+11.94600E-03,+28.61309E-03,+3.86510199E+00
+11.95900E-03,-127.16580E-03,+3.78469998E+00
+11.97200E-03,-51.78892E-03,+3.86510199E+00
+11.98500E-03,-81.93967E-03,+3.91032812E+00
+11.99800E-03,-51.78892E-03,+3.86007687E+00
+12.01100E-03,+4.98338691E+00,+5.80555E-03
+12.02400E-03,+5.09393967E+00,+10.83068E-03
+12.03700E-03,+4.93816078E+00,+40.98143E-03
+12.05000E-03,+4.93816078E+00,+5.80555E-03
+12.06300E-03,+4.97333666E+00,+40.98143E-03
+12.07600E-03,+5.01353766E+00,+10.83068E-03
+12.08900E-03,+4.89293465E+00,+40.98143E-03
+12.10200E-03,+5.08388942E+00,+5.80555E-03
+12.11500E-03,+4.97333666E+00,+40.98143E-03
+12.12800E-03,+4.94318590E+00,+5.80555E-03
+12.14100E-03,+4.93816078E+00,+5.80555E-03
+12.15400E-03,+5.01353766E+00,+10.83068E-03
+12.16700E-03,+4.98338691E+00,+76.15731E-03
+12.18000E-03,+5.01353766E+00,+91.23269E-03
+12.19300E-03,+4.98338691E+00,-4.24470E-03
+12.20600E-03,+4.93816078E+00,+5.80555E-03
+12.21900E-03,+5.01856279E+00,+5.80555E-03
+12.23200E-03,+5.01353766E+00,+10.83068E-03
+12.24500E-03,+4.92811053E+00,+5.80555E-03
+12.25800E-03,+4.93313565E+00,+15.85580E-03
+12.27100E-03,+4.93816078E+00,+86.20756E-03
+12.28400E-03,+4.94318590E+00,+5.80555E-03
+12.29700E-03,+4.93816078E+00,+86.20756E-03
+12.31000E-03,+4.94318590E+00,+86.20756E-03
+12.32300E-03,+4.93816078E+00,+51.03168E-03
+12.33600E-03,+5.01353766E+00,+81.18244E-03
+12.34900E-03,+4.97333666E+00,+40.98143E-03
+12.36200E-03,+5.08891454E+00,+5.80555E-03
+12.37500E-03,+4.98338691E+00,+86.20756E-03
+12.38800E-03,+5.02358791E+00,+81.18244E-03
+12.40100E-03,+5.05373867E+00,+40.98143E-03
+12.41400E-03,+4.93816078E+00,+86.20756E-03
+12.42700E-03,+4.98338691E+00,+86.20756E-03
+12.44000E-03,+4.93816078E+00,+5.80555E-03
+12.45300E-03,+4.93816078E+00,+5.80555E-03
+12.46600E-03,+4.86780902E+00,+76.15731E-03
+12.47900E-03,+5.01856279E+00,+5.80555E-03
+12.49200E-03,+4.93816078E+00,+5.80555E-03
+12.50500E-03,-36.71354E-03,+86.20756E-03
+12.51800E-03,-46.76379E-03,+780.43E-06
+12.53100E-03,-91.98992E-03,+5.80555E-03
+12.54400E-03,-117.11555E-03,+15.85580E-03
+12.55700E-03,-91.98992E-03,+86.20756E-03
+12.57000E-03,+23.58797E-03,+10.83068E-03
+12.58300E-03,-91.98992E-03,+5.80555E-03
+12.59600E-03,-51.78892E-03,+156.55932E-03
+12.60900E-03,-46.76379E-03,+121.38344E-03
+12.62200E-03,-51.78892E-03,+86.20756E-03
+12.63500E-03,-127.16580E-03,-29.37033E-03
+12.64800E-03,-41.73867E-03,+10.83068E-03
+12.66100E-03,-46.76379E-03,-49.47083E-03
+12.67400E-03,-46.76379E-03,+10.83068E-03
+12.68700E-03,-91.98992E-03,+5.80555E-03
+12.70000E-03,+33.63822E-03,+10.83068E-03
+12.71300E-03,-91.98992E-03,+86.20756E-03
+12.72600E-03,-46.76379E-03,+10.83068E-03
+12.73900E-03,-56.81404E-03,+5.80555E-03
+12.75200E-03,-51.78892E-03,+10.83068E-03
+12.76500E-03,-1.53766E-03,+51.03168E-03
+12.77800E-03,-51.78892E-03,-64.54621E-03
+12.79100E-03,-46.76379E-03,-39.42058E-03
+12.80400E-03,-117.11555E-03,+5.80555E-03
+12.81700E-03,-81.93967E-03,+51.03168E-03
+12.83000E-03,-197.51756E-03,+76.15731E-03
+12.84300E-03,-36.71354E-03,+5.80555E-03
+12.85600E-03,-41.73867E-03,+81.18244E-03
+12.86900E-03,-91.98992E-03,+51.03168E-03
+12.88200E-03,-46.76379E-03,+10.83068E-03
+12.89500E-03,-127.16580E-03,+40.98143E-03
+12.90800E-03,-122.14068E-03,+161.58444E-03
+12.92100E-03,-81.93967E-03,+15.85580E-03
+12.93400E-03,+28.61309E-03,+81.18244E-03
+12.94700E-03,-1.53766E-03,+40.98143E-03
+12.96000E-03,-46.76379E-03,-64.54621E-03
+12.97300E-03,-46.76379E-03,+131.43369E-03
+12.98600E-03,-51.78892E-03,+86.20756E-03
+12.99900E-03,-46.76379E-03,+51.03168E-03
+13.01200E-03,+4.86278389E+00,+5.80555E-03
+13.02500E-03,+4.98338691E+00,+86.20756E-03
+13.03800E-03,+4.86780902E+00,+5.80555E-03
+13.05100E-03,+4.93816078E+00,+86.20756E-03
+13.06400E-03,+4.93816078E+00,+86.20756E-03
+13.07700E-03,+4.98338691E+00,+51.03168E-03
+13.09000E-03,+5.00851254E+00,+86.20756E-03
+13.10300E-03,+4.98338691E+00,+86.20756E-03
+13.11600E-03,+5.08891454E+00,-64.54621E-03
+13.12900E-03,+5.01856279E+00,+40.98143E-03
+13.14200E-03,+5.01353766E+00,+15.85580E-03
+13.15500E-03,+4.93816078E+00,+5.80555E-03
+13.16800E-03,+4.86278389E+00,+5.80555E-03
+13.18100E-03,+4.94821103E+00,+5.80555E-03
+13.19400E-03,+4.94318590E+00,+161.58444E-03
+13.20700E-03,+4.94821103E+00,-4.24470E-03
+13.22000E-03,+5.01353766E+00,-64.54621E-03
+13.23300E-03,+4.93816078E+00,+40.98143E-03
+13.24600E-03,+5.01856279E+00,+5.80555E-03
+13.25900E-03,+5.01856279E+00,+15.85580E-03
+13.27200E-03,+5.01353766E+00,+5.80555E-03
+13.28500E-03,+4.97333666E+00,+5.80555E-03
+13.29800E-03,+5.01353766E+00,+10.83068E-03
+13.31100E-03,+4.98338691E+00,+51.03168E-03
+13.32400E-03,+4.94318590E+00,+10.83068E-03
+13.33700E-03,+4.93816078E+00,+51.03168E-03
+13.35000E-03,+5.01856279E+00,+5.80555E-03
+13.36300E-03,+4.98338691E+00,+40.98143E-03
+13.37600E-03,+4.86780902E+00,+86.20756E-03
+13.38900E-03,+4.90298490E+00,+121.38344E-03
+13.40200E-03,+5.01353766E+00,+76.15731E-03
+13.41500E-03,+5.01856279E+00,+131.43369E-03
+13.42800E-03,+4.93816078E+00,+10.83068E-03
+13.44100E-03,+4.98338691E+00,+40.98143E-03
+13.45400E-03,+5.01856279E+00,+86.20756E-03
+13.46700E-03,+4.93816078E+00,+86.20756E-03
+13.48000E-03,+4.94318590E+00,+81.18244E-03
+13.49300E-03,+4.97333666E+00,+40.98143E-03
+13.50600E-03,-41.73867E-03,-64.54621E-03
+13.51900E-03,-127.16580E-03,+40.98143E-03
+13.53200E-03,-51.78892E-03,+81.18244E-03
+13.54500E-03,-11.58791E-03,+5.80555E-03
+13.55800E-03,-51.78892E-03,-64.54621E-03
+13.57100E-03,-91.98992E-03,+51.03168E-03
+13.58400E-03,-41.73867E-03,-64.54621E-03
+13.59700E-03,-11.58791E-03,+5.80555E-03
+13.61000E-03,-41.73867E-03,+10.83068E-03
+13.62300E-03,-81.93967E-03,+5.80555E-03
+13.63600E-03,-192.49243E-03,+81.18244E-03
+13.64900E-03,-117.11555E-03,+51.03168E-03
+13.66200E-03,-127.16580E-03,+81.18244E-03
+13.67500E-03,-11.58791E-03,+5.80555E-03
+13.68800E-03,-51.78892E-03,+10.83068E-03
+13.70100E-03,-46.76379E-03,+51.03168E-03
+13.71400E-03,-127.16580E-03,-69.57133E-03
+13.72700E-03,-81.93967E-03,+51.03168E-03
+13.74000E-03,-117.11555E-03,+10.83068E-03
+13.75300E-03,-127.16580E-03,+51.03168E-03
+13.76600E-03,-122.14068E-03,+5.80555E-03
+13.77900E-03,-91.98992E-03,+40.98143E-03
+13.79200E-03,-46.76379E-03,+10.83068E-03
+13.80500E-03,-11.58791E-03,+131.43369E-03
+13.81800E-03,-127.16580E-03,+86.20756E-03
+13.83100E-03,-127.16580E-03,+51.03168E-03
+13.84400E-03,-122.14068E-03,+156.55932E-03
+13.85700E-03,-102.04017E-03,-39.42058E-03
+13.87000E-03,-127.16580E-03,+86.20756E-03
+13.88300E-03,-11.58791E-03,+96.25781E-03
+13.89600E-03,-122.14068E-03,+10.83068E-03
+13.90900E-03,-56.81404E-03,+86.20756E-03
+13.92200E-03,-46.76379E-03,+156.55932E-03
+13.93500E-03,-91.98992E-03,+5.80555E-03
+13.94800E-03,+23.58797E-03,+5.80555E-03
+13.96100E-03,-81.93967E-03,+86.20756E-03
+13.97400E-03,-51.78892E-03,+15.85580E-03
+13.98700E-03,-81.93967E-03,+51.03168E-03
+14.00000E-03,-46.76379E-03,+10.83068E-03
+14.01300E-03,+4.97333666E+00,+121.38344E-03
+14.02600E-03,+5.02358791E+00,+5.80555E-03
+14.03900E-03,+4.98338691E+00,+51.03168E-03
+14.05200E-03,+5.01856279E+00,+5.80555E-03
+14.06500E-03,+5.01856279E+00,+51.03168E-03
+14.07800E-03,+5.01353766E+00,+81.18244E-03
+14.09100E-03,+4.98338691E+00,+40.98143E-03
+14.10400E-03,+4.94318590E+00,+81.18244E-03
+14.11700E-03,+4.89293465E+00,+86.20756E-03
+14.13000E-03,+4.86780902E+00,+5.80555E-03
+14.14300E-03,+4.93816078E+00,+51.03168E-03
+14.15600E-03,+5.01856279E+00,+10.83068E-03
+14.16900E-03,+5.05373867E+00,+5.80555E-03
+14.18200E-03,+4.86780902E+00,+15.85580E-03
+14.19500E-03,+5.01856279E+00,+51.03168E-03
+14.20800E-03,+5.00851254E+00,+86.20756E-03
+14.22100E-03,+4.94821103E+00,+40.98143E-03
+14.23400E-03,+4.86780902E+00,+5.80555E-03
+14.24700E-03,+4.93816078E+00,+5.80555E-03
+14.26000E-03,+4.94318590E+00,+76.15731E-03
+14.27300E-03,+4.90298490E+00,+96.25781E-03
+14.28600E-03,+4.94318590E+00,+10.83068E-03
+14.29900E-03,+4.98338691E+00,+40.98143E-03
+14.31200E-03,+5.01353766E+00,+86.20756E-03
+14.32500E-03,+5.01856279E+00,+15.85580E-03
+14.33800E-03,+4.93313565E+00,+86.20756E-03
+14.35100E-03,+5.01856279E+00,+40.98143E-03
+14.36400E-03,+4.93816078E+00,+86.20756E-03
+14.37700E-03,+4.94821103E+00,+40.98143E-03
+14.39000E-03,+5.09393967E+00,+81.18244E-03
+14.40300E-03,+4.93816078E+00,+86.20756E-03
+14.41600E-03,+4.93313565E+00,+15.85580E-03
+14.42900E-03,+5.01856279E+00,+51.03168E-03
+14.44200E-03,+4.93816078E+00,+10.83068E-03
+14.45500E-03,+4.93816078E+00,+40.98143E-03
+14.46800E-03,+5.00851254E+00,+15.85580E-03
+14.48100E-03,+4.93816078E+00,+86.20756E-03
+14.49400E-03,+5.02358791E+00,+161.58444E-03
+14.50700E-03,-46.76379E-03,+86.20756E-03
+14.52000E-03,-46.76379E-03,+10.83068E-03
+14.53300E-03,-91.98992E-03,+5.80555E-03
+14.54600E-03,-127.16580E-03,+156.55932E-03
+14.55900E-03,-1.53766E-03,+40.98143E-03
+14.57200E-03,-46.76379E-03,+81.18244E-03
+14.58500E-03,-46.76379E-03,+86.20756E-03
+14.59800E-03,-122.14068E-03,+86.20756E-03
+14.61100E-03,+78.86435E-03,+86.20756E-03
+14.62400E-03,-51.78892E-03,+5.80555E-03
+14.63700E-03,-91.98992E-03,+5.80555E-03
+14.65000E-03,-112.09043E-03,+10.83068E-03
+14.66300E-03,-1.53766E-03,+5.80555E-03
+14.67600E-03,-46.76379E-03,+81.18244E-03
+14.68900E-03,-91.98992E-03,+131.43369E-03
+14.70200E-03,-122.14068E-03,+20.88093E-03
+14.71500E-03,-91.98992E-03,+51.03168E-03
+14.72800E-03,-122.14068E-03,+10.83068E-03
+14.74100E-03,-46.76379E-03,+131.43369E-03
+14.75400E-03,-127.16580E-03,+10.83068E-03
+14.76700E-03,-46.76379E-03,+40.98143E-03
+14.78000E-03,-51.78892E-03,+5.80555E-03
+14.79300E-03,-46.76379E-03,+86.20756E-03
+14.80600E-03,+28.61309E-03,+5.80555E-03
+14.81900E-03,-46.76379E-03,+76.15731E-03
+14.83200E-03,-41.73867E-03,+86.20756E-03
+14.84500E-03,-1.53766E-03,+121.38344E-03
+14.85800E-03,-46.76379E-03,+86.20756E-03
+14.87100E-03,-172.39193E-03,+40.98143E-03
+14.88400E-03,-51.78892E-03,+5.80555E-03
+14.89700E-03,-46.76379E-03,+51.03168E-03
+14.91000E-03,+23.58797E-03,+81.18244E-03
+14.92300E-03,-91.98992E-03,-29.37033E-03
+14.93600E-03,-122.14068E-03,+15.85580E-03
+14.94900E-03,-91.98992E-03,+86.20756E-03
+14.96200E-03,-46.76379E-03,+161.58444E-03
+14.97500E-03,-1.53766E-03,+5.80555E-03
+14.98800E-03,-46.76379E-03,+76.15731E-03
+15.00100E-03,+4.93816078E+00,+4.14148390E+00
+15.01400E-03,+4.94318590E+00,+3.86007687E+00
+15.02700E-03,+4.97333666E+00,+3.90027787E+00
+15.04000E-03,+5.01353766E+00,+3.86510199E+00
+15.05300E-03,+5.01856279E+00,+3.79475023E+00
+15.06600E-03,+5.01353766E+00,+3.86007687E+00
+15.07900E-03,+5.01856279E+00,+3.87515224E+00
+15.09200E-03,+4.86278389E+00,+3.94047888E+00
+15.10500E-03,+4.98338691E+00,+3.78469998E+00
+15.11800E-03,+4.86780902E+00,+3.78972511E+00
+15.13100E-03,+4.93816078E+00,+3.86510199E+00
+15.14400E-03,+4.93816078E+00,+3.78972511E+00
+15.15700E-03,+4.94821103E+00,+3.81987586E+00
+15.17000E-03,+4.93816078E+00,+3.94047888E+00
+15.18300E-03,+5.01856279E+00,+3.86510199E+00
+15.19600E-03,+4.94318590E+00,+3.78972511E+00
+15.20900E-03,+4.92811053E+00,+3.86510199E+00
+15.22200E-03,+5.01353766E+00,+3.86510199E+00
+15.23500E-03,+5.01856279E+00,+3.86510199E+00
+15.24800E-03,+4.93816078E+00,+3.78972511E+00
+15.26100E-03,+4.93816078E+00,+3.85505174E+00
+15.27400E-03,+4.94318590E+00,+3.78469998E+00
+15.28700E-03,+4.90298490E+00,+3.91032812E+00
+15.30000E-03,+4.93816078E+00,+3.78972511E+00
+15.31300E-03,+5.05373867E+00,+3.82992611E+00
+15.32600E-03,+5.00851254E+00,+3.78972511E+00
+15.33900E-03,+4.98338691E+00,+3.86510199E+00
+15.35200E-03,+4.93313565E+00,+3.78972511E+00
+15.36500E-03,+4.97333666E+00,+3.86510199E+00
+15.37800E-03,+4.86780902E+00,+3.86510199E+00
+15.39100E-03,+4.98338691E+00,+3.82992611E+00
+15.40400E-03,+4.85775877E+00,+3.86007687E+00
+15.41700E-03,+4.93816078E+00,+3.86510199E+00
+15.43000E-03,+4.93313565E+00,+3.86510199E+00
+15.44300E-03,+4.90298490E+00,+3.87515224E+00
+15.45600E-03,+4.94318590E+00,+3.94047888E+00
+15.46900E-03,+4.98338691E+00,+3.81987586E+00
+15.48200E-03,+4.93816078E+00,+3.71434823E+00
+15.49500E-03,+5.02861304E+00,+3.82992611E+00
+15.50800E-03,-127.16580E-03,+3.78972511E+00
+15.52100E-03,-81.93967E-03,+3.82992611E+00
+15.53400E-03,-122.14068E-03,+3.78972511E+00
+15.54700E-03,-11.58791E-03,+3.95555425E+00
+15.56000E-03,-122.14068E-03,+3.78972511E+00
+15.57300E-03,-46.76379E-03,+3.86510199E+00
+15.58600E-03,-46.76379E-03,+3.86510199E+00
+15.59900E-03,-81.93967E-03,+3.81987586E+00
+15.61200E-03,-197.51756E-03,+3.86007687E+00
+15.62500E-03,-91.98992E-03,+3.91032812E+00
+15.63800E-03,-46.76379E-03,+3.94047888E+00
+15.65100E-03,-91.98992E-03,+3.86510199E+00
+15.66400E-03,-51.78892E-03,+3.78972511E+00
+15.67700E-03,-91.98992E-03,+3.86510199E+00
+15.69000E-03,-192.49243E-03,+3.86007687E+00
+15.70300E-03,-11.58791E-03,+3.90027787E+00
+15.71600E-03,-46.76379E-03,+3.86510199E+00
+15.72900E-03,-46.76379E-03,+3.91032812E+00
+15.74200E-03,-122.14068E-03,+3.94047888E+00
+15.75500E-03,+8.51259E-03,+3.86510199E+00
+15.76800E-03,+33.63822E-03,+3.86007687E+00
+15.78100E-03,-46.76379E-03,+3.87515224E+00
+15.79400E-03,-122.14068E-03,+3.94047888E+00
+15.80700E-03,-91.98992E-03,+3.87515224E+00
+15.82000E-03,-51.78892E-03,+3.86510199E+00
+15.83300E-03,-81.93967E-03,+3.86510199E+00
+15.84600E-03,-202.54269E-03,+3.94047888E+00
+15.85900E-03,-127.16580E-03,+3.81987586E+00
+15.87200E-03,-202.54269E-03,+3.78972511E+00
+15.88500E-03,-127.16580E-03,+3.82992611E+00
+15.89800E-03,-51.78892E-03,+3.70932310E+00
+15.91100E-03,-1.53766E-03,+3.81987586E+00
+15.92400E-03,-122.14068E-03,+3.86007687E+00
+15.93700E-03,-81.93967E-03,+3.81987586E+00
+15.95000E-03,-122.14068E-03,+3.77967486E+00
+15.96300E-03,-11.58791E-03,+3.82992611E+00
+15.97600E-03,+28.61309E-03,+3.86510199E+00
+15.98900E-03,-46.76379E-03,+3.74952410E+00
+16.00200E-03,+4.86278389E+00,+10.83068E-03
+16.01500E-03,+4.98338691E+00,+166.60957E-03
+16.02800E-03,+5.01353766E+00,+81.18244E-03
+16.04100E-03,+4.90298490E+00,+86.20756E-03
+16.05400E-03,+4.94318590E+00,+81.18244E-03
+16.06700E-03,+4.98338691E+00,+96.25781E-03
+16.08000E-03,+4.94318590E+00,+10.83068E-03
+16.09300E-03,+4.93816078E+00,+5.80555E-03
+16.10600E-03,+4.94318590E+00,+5.80555E-03
+16.11900E-03,+4.98338691E+00,+86.20756E-03
+16.13200E-03,+4.94318590E+00,+10.83068E-03
+16.14500E-03,+4.89293465E+00,+40.98143E-03
+16.15800E-03,+4.92811053E+00,+161.58444E-03
+16.17100E-03,+4.97333666E+00,+86.20756E-03
+16.18400E-03,+4.93816078E+00,+86.20756E-03
+16.19700E-03,+4.90298490E+00,-39.42058E-03
+16.21000E-03,+5.01856279E+00,+81.18244E-03
+16.22300E-03,+5.01856279E+00,+5.80555E-03
+16.23600E-03,+4.93816078E+00,+780.43E-06
+16.24900E-03,+5.01856279E+00,+5.80555E-03
+16.26200E-03,+5.01856279E+00,-64.54621E-03
+16.27500E-03,+4.98338691E+00,+5.80555E-03
+16.28800E-03,+4.93816078E+00,+5.80555E-03
+16.30100E-03,+4.98338691E+00,+86.20756E-03
+16.31400E-03,+4.93816078E+00,+10.83068E-03
+16.32700E-03,+5.01856279E+00,+51.03168E-03
+16.34000E-03,+5.01856279E+00,+156.55932E-03
+16.35300E-03,+4.90298490E+00,+86.20756E-03
+16.36600E-03,+4.93816078E+00,+5.80555E-03
+16.37900E-03,+4.97333666E+00,+5.80555E-03
+16.39200E-03,+5.01856279E+00,+5.80555E-03
+16.40500E-03,+4.98338691E+00,+51.03168E-03
+16.41800E-03,+4.93313565E+00,+5.80555E-03
+16.43100E-03,+4.97333666E+00,+30.93118E-03
+16.44400E-03,+4.93313565E+00,+5.80555E-03
+16.45700E-03,+4.93816078E+00,+96.25781E-03
+16.47000E-03,+5.01353766E+00,+161.58444E-03
+16.48300E-03,+4.90298490E+00,+5.80555E-03
+16.49600E-03,+4.93313565E+00,+81.18244E-03
+16.50900E-03,-81.93967E-03,-29.37033E-03
+16.52200E-03,-132.19093E-03,+81.18244E-03
+16.53500E-03,-46.76379E-03,+5.80555E-03
+16.54800E-03,-46.76379E-03,+81.18244E-03
+16.56100E-03,-117.11555E-03,+5.80555E-03
+16.57400E-03,-51.78892E-03,+86.20756E-03
+16.58700E-03,-91.98992E-03,+40.98143E-03
+16.60000E-03,+23.58797E-03,+86.20756E-03
+16.61300E-03,-56.81404E-03,+5.80555E-03
+16.62600E-03,-41.73867E-03,+10.83068E-03
+16.63900E-03,-46.76379E-03,+40.98143E-03
+16.65200E-03,-122.14068E-03,+161.58444E-03
+16.66500E-03,-81.93967E-03,+5.80555E-03
+16.67800E-03,-46.76379E-03,+10.83068E-03
+16.69100E-03,-46.76379E-03,-4.24470E-03
+16.70400E-03,-51.78892E-03,+5.80555E-03
+16.71700E-03,-81.93967E-03,+40.98143E-03
+16.73000E-03,-51.78892E-03,+10.83068E-03
+16.74300E-03,-46.76379E-03,+40.98143E-03
+16.75600E-03,-127.16580E-03,+91.23269E-03
+16.76900E-03,-91.98992E-03,+40.98143E-03
+16.78200E-03,-117.11555E-03,+86.20756E-03
+16.79500E-03,-46.76379E-03,+40.98143E-03
+16.80800E-03,-127.16580E-03,+10.83068E-03
+16.82100E-03,-46.76379E-03,+86.20756E-03
+16.83400E-03,-192.49243E-03,+81.18244E-03
+16.84700E-03,-1.53766E-03,+51.03168E-03
+16.86000E-03,-122.14068E-03,+5.80555E-03
+16.87300E-03,-46.76379E-03,+51.03168E-03
+16.88600E-03,-51.78892E-03,+10.83068E-03
+16.89900E-03,-81.93967E-03,+166.60957E-03
+16.91200E-03,-46.76379E-03,+86.20756E-03
+16.92500E-03,-46.76379E-03,+5.80555E-03
+16.93800E-03,-56.81404E-03,+780.43E-06
+16.95100E-03,-172.39193E-03,+51.03168E-03
+16.96400E-03,-202.54269E-03,+5.80555E-03
+16.97700E-03,-81.93967E-03,+86.20756E-03
+16.99000E-03,-51.78892E-03,+161.58444E-03
+17.00300E-03,+5.01856279E+00,+51.03168E-03
+17.01600E-03,+5.01856279E+00,+15.85580E-03
+17.02900E-03,+4.93816078E+00,+86.20756E-03
+17.04200E-03,+5.01353766E+00,+5.80555E-03
+17.05500E-03,+4.89293465E+00,+51.03168E-03
+17.06800E-03,+5.01856279E+00,+10.83068E-03
+17.08100E-03,+4.93816078E+00,+51.03168E-03
+17.09400E-03,+4.94318590E+00,+5.80555E-03
+17.10700E-03,+4.98338691E+00,-74.59646E-03
+17.12000E-03,+4.94318590E+00,+76.15731E-03
+17.13300E-03,+4.94821103E+00,-4.24470E-03
+17.14600E-03,+5.01353766E+00,+5.80555E-03
+17.15900E-03,+4.97333666E+00,-49.47083E-03
+17.17200E-03,+4.94318590E+00,+81.18244E-03
+17.18500E-03,+4.92811053E+00,+61.08193E-03
+17.19800E-03,+4.93313565E+00,+5.80555E-03
+17.21100E-03,+4.90298490E+00,+5.80555E-03
+17.22400E-03,+5.01353766E+00,+86.20756E-03
+17.23700E-03,+4.92811053E+00,+51.03168E-03
+17.25000E-03,+4.94821103E+00,+10.83068E-03
+17.26300E-03,+5.02861304E+00,+40.98143E-03
+17.27600E-03,+5.01856279E+00,+10.83068E-03
+17.28900E-03,+5.01856279E+00,+51.03168E-03
+17.30200E-03,+5.01353766E+00,+10.83068E-03
+17.31500E-03,+4.97333666E+00,+86.20756E-03
+17.32800E-03,+5.01856279E+00,+10.83068E-03
+17.34100E-03,+4.93816078E+00,+141.48394E-03
+17.35400E-03,+4.86780902E+00,+10.83068E-03
+17.36700E-03,+4.92811053E+00,+86.20756E-03
+17.38000E-03,+4.86278389E+00,+10.83068E-03
+17.39300E-03,+4.93816078E+00,+121.38344E-03
+17.40600E-03,+5.08891454E+00,+81.18244E-03
+17.41900E-03,+4.98338691E+00,+76.15731E-03
+17.43200E-03,+5.01353766E+00,+5.80555E-03
+17.44500E-03,+4.98338691E+00,-49.47083E-03
+17.45800E-03,+4.93816078E+00,+86.20756E-03
+17.47100E-03,+4.93816078E+00,+86.20756E-03
+17.48400E-03,+5.01353766E+00,+166.60957E-03
+17.49700E-03,+5.00851254E+00,-4.24470E-03
+17.51000E-03,+28.61309E-03,+10.83068E-03
+17.52300E-03,-91.98992E-03,+76.15731E-03
+17.53600E-03,-51.78892E-03,+86.20756E-03
+17.54900E-03,-81.93967E-03,+40.98143E-03
+17.56200E-03,-46.76379E-03,-74.59646E-03
+17.57500E-03,-137.21605E-03,+86.20756E-03
+17.58800E-03,-46.76379E-03,+81.18244E-03
+17.60100E-03,-36.71354E-03,+86.20756E-03
+17.61400E-03,-46.76379E-03,+161.58444E-03
+17.62700E-03,-46.76379E-03,+5.80555E-03
+17.64000E-03,-46.76379E-03,-64.54621E-03
+17.65300E-03,-46.76379E-03,+5.80555E-03
+17.66600E-03,-127.16580E-03,+86.20756E-03
+17.67900E-03,-1.53766E-03,+86.20756E-03
+17.69200E-03,-41.73867E-03,+81.18244E-03
+17.70500E-03,-81.93967E-03,+5.80555E-03
+17.71800E-03,-127.16580E-03,+10.83068E-03
+17.73100E-03,-56.81404E-03,+51.03168E-03
+17.74400E-03,-46.76379E-03,+161.58444E-03
+17.75700E-03,-46.76379E-03,+86.20756E-03
+17.77000E-03,-41.73867E-03,+10.83068E-03
+17.78300E-03,-11.58791E-03,+40.98143E-03
+17.79600E-03,-46.76379E-03,+91.23269E-03
+17.80900E-03,-56.81404E-03,+51.03168E-03
+17.82200E-03,-122.14068E-03,+86.20756E-03
+17.83500E-03,-127.16580E-03,+5.80555E-03
+17.84800E-03,-127.16580E-03,+81.18244E-03
+17.86100E-03,-36.71354E-03,+121.38344E-03
+17.87400E-03,-51.78892E-03,+86.20756E-03
+17.88700E-03,-46.76379E-03,+86.20756E-03
